              Parameter              Time          Min         Mean         Mode       Median          Max        Count        Valid         Miss         NaN         Inf
            Temperature   20021009T060000       -13.20         1.15        -0.20         1.00         8.10         2100         2100            0           0           0
            Temperature   20021009T070000        -9.99         1.45         4.94         1.27         7.84         2100         2100            0           0           0
            Temperature   20021009T080000        -6.51         1.84         4.77         1.74         7.49         2100         2100            0           0           0
            Temperature   20021009T090000        -5.52         2.19         3.77         1.95         7.30         2100         2100            0           0           0
            Temperature   20021009T100000        -4.70         2.54         0.40         2.32         7.50         2100         2100            0           0           0
            Temperature   20021009T110000        -3.69         3.11         2.70         2.92         7.66         2100         2100            0           0           0
            Temperature   20021009T120000        -3.11         3.48        -3.11         3.38         8.15         2100         2100            0           0           0
            Temperature   20021009T130000        -2.99         3.21         6.00         3.14         7.69         2100         2100            0           0           0
            Temperature   20021009T140000        -3.50         2.70         5.40         2.50         7.97         2100         2100            0           0           0
            Temperature   20021009T150000        -4.50         2.48        -1.60         2.25         7.94         2100         2100            0           0           0
            Temperature   20021009T160000        -3.78         2.01        -3.78         1.71         7.43         2100         2100            0           0           0
            Temperature   20021009T170000        -3.21         1.82        -3.21         1.46         7.20         2100         2100            0           0           0
            Temperature   20021009T180000        -3.46         1.65         2.80         1.50         7.00         2100         2100            0           0           0
            Temperature   20021009T190000        -3.51         1.54         4.74         1.44         6.97         2100         2100            0           0           0
            Temperature   20021009T200000        -3.66         1.46         2.70         1.38         6.98         2100         2100            0           0           0
            Temperature   20021009T210000        -3.79         1.39         2.20         1.30         7.00         2100         2100            0           0           0
            Temperature   20021009T220000        -3.80         1.33         2.47         1.27         6.97         2100         2100            0           0           0
            Temperature   20021009T230000        -3.76         1.28         2.33         1.24         6.94         2100         2100            0           0           0
            Temperature   20021010T000000        -3.69         1.24         2.00         1.22         6.90         2100         2100            0           0           0
            Temperature   20021010T010000        -3.64         1.21         1.80         1.25         6.88         2100         2100            0           0           0
            Temperature   20021010T020000        -3.54         1.18         1.69         1.26         6.84         2100         2100            0           0           0
            Temperature   20021010T030000        -3.39         1.17         1.70         1.26         6.80         2100         2100            0           0           0
            Temperature   20021010T040000        -3.62         1.16         1.49         1.21         6.87         2100         2100            0           0           0
            Temperature   20021010T050000        -3.74         1.18         1.23         1.21         6.86         2100         2100            0           0           0
            Temperature   20021010T060000        -3.65         1.26         1.40         1.25         6.80         2100         2100            0           0           0
            Temperature   20021010T070000        -3.20         1.44        -3.20         1.39         6.73         2100         2100            0           0           0
            Temperature   20021010T080000        -3.03         1.69        -3.03         1.54         6.70         2100         2100            0           0           0
            Temperature   20021010T090000        -2.82         2.01         1.50         1.80         6.70         2100         2100            0           0           0
            Temperature   20021010T100000        -2.58         2.51        -2.58         2.17         6.89         2100         2100            0           0           0
            Temperature   20021010T110000        -2.47         2.97         2.49         2.53         8.07         2100         2100            0           0           0
            Temperature   20021010T120000        -2.47         3.26         3.00         3.00         8.90         2100         2100            0           0           0
            Temperature   20021010T130000        -2.73         2.97         2.42         2.52         8.18         2100         2100            0           0           0
            Temperature   20021010T140000        -3.11         2.52        -3.11         2.00         7.11         2100         2100            0           0           0
            Temperature   20021010T150000        -3.62         2.04         0.50         1.51         6.90         2100         2100            0           0           0
            Temperature   20021010T160000        -4.08         1.84         0.40         1.32         6.98         2100         2100            0           0           0
            Temperature   20021010T170000        -4.55         1.69         6.66         1.17         7.05         2100         2100            0           0           0
            Temperature   20021010T180000        -4.96         1.58         1.00         1.09         7.10         2100         2100            0           0           0
            Temperature   20021010T190000        -5.15         1.46         0.95         0.94         7.12         2100         2100            0           0           0
            Temperature   20021010T200000        -5.24         1.36         0.68         0.85         7.12         2100         2100            0           0           0
            Temperature   20021010T210000        -5.26         1.27         0.90         0.80         7.10         2100         2100            0           0           0
            Temperature   20021010T220000        -5.27         1.19         0.69         0.70         7.10         2100         2100            0           0           0
            Temperature   20021010T230000        -5.53         1.12         0.51         0.65         7.10         2100         2100            0           0           0
            Temperature   20021011T000000        -6.16         1.06         0.70         0.60         7.10         2100         2100            0           0           0
            Temperature   20021011T010000        -5.99         1.02         0.56         0.57         7.14         2100         2100            0           0           0
            Temperature   20021011T020000        -5.58         0.99         0.52         0.56         7.17         2100         2100            0           0           0
            Temperature   20021011T030000        -5.52         0.97         0.60         0.54         7.20         2100         2100            0           0           0
            Temperature   20021011T040000        -5.53         0.89         0.11         0.43         7.21         2100         2100            0           0           0
            Temperature   20021011T050000        -5.53         0.86         1.28         0.40         7.21         2100         2100            0           0           0
            Temperature   20021011T060000        -5.46         0.93         0.60         0.50         7.20         2100         2100            0           0           0
            Temperature   20021011T070000        -5.21         1.28         1.19         0.91         7.25         2100         2100            0           0           0
            Temperature   20021011T080000        -4.86         1.72         1.01         1.41         7.29         2100         2100            0           0           0
            Temperature   20021011T090000        -4.46         2.18         1.40         1.94         7.30         2100         2100            0           0           0
            Temperature   20021011T100000        -3.92         2.55         1.95         2.38         7.26         2100         2100            0           0           0
            Temperature   20021011T110000        -3.45         2.84         1.98         2.72         7.22         2100         2100            0           0           0
            Temperature   20021011T120000        -3.16         3.00         3.00         2.90         7.20         2100         2100            0           0           0
            Temperature   20021011T130000        -3.45         2.88         1.74         2.76         7.12         2100         2100            0           0           0
            Temperature   20021011T140000        -3.93         2.64         1.47         2.46         7.02         2100         2100            0           0           0
            Temperature   20021011T150000        -4.51         2.34         1.70         2.10         6.90         2100         2100            0           0           0
            Temperature   20021011T160000        -4.99         2.11         0.82         1.84         6.92         2100         2100            0           0           0
            Temperature   20021011T170000        -5.55         1.89        -2.06         1.59         7.05         2100         2100            0           0           0
            Temperature   20021011T180000        -6.16         1.69         1.10         1.40         7.14         2100         2100            0           0           0
            Temperature   20021011T190000        -6.25         1.57        -0.48         1.23         7.14         2100         2100            0           0           0
            Temperature   20021011T200000        -6.39         1.47        -0.69         1.12         7.12         2100         2100            0           0           0
            Temperature   20021011T210000        -6.61         1.38         1.10         1.05         7.11         2100         2100            0           0           0
            Temperature   20021011T220000        -6.89         1.27         0.82         0.96         7.19         2100         2100            0           0           0
            Temperature   20021011T230000        -7.25         1.17         0.70         0.88         7.32         2100         2100            0           0           0
            Temperature   20021012T000000        -7.60         1.09         0.80         0.80         7.42         2100         2100            0           0           0
            Temperature   20021012T010000        -7.62         1.06        -0.69         0.79         7.37         2100         2100            0           0           0
            Temperature   20021012T020000        -7.51         1.04         0.93         0.78         7.28         2100         2100            0           0           0
            Temperature   20021012T030000        -7.51         1.03         1.50         0.80         7.22         2100         2100            0           0           0
            Temperature   20021012T040000        -7.83         0.96         1.42         0.77         7.26         2100         2100            0           0           0
            Temperature   20021012T050000        -8.13         0.93        -0.79         0.78         7.31         2100         2100            0           0           0
            Temperature   20021012T060000        -8.26         0.98         1.00         0.84         7.35         2100         2100            0           0           0

              Parameter              Time          Min         Mean         Mode       Median          Max        Count        Valid         Miss         NaN         Inf
               DewPoint   20021009T060000       -14.22        -1.25        -3.22        -1.70         6.26         2100         2100            0           0           0
               DewPoint   20021009T070000       -10.90        -1.18        -0.77        -1.43         5.04         2100         2100            0           0           0
               DewPoint   20021009T080000        -7.89        -1.13         4.01        -1.26         4.68         2100         2100            0           0           0
               DewPoint   20021009T090000        -7.35        -1.18         1.49        -1.20         4.82         2100         2100            0           0           0
               DewPoint   20021009T100000        -7.84        -1.21        -7.84        -1.19         5.06         2100         2100            0           0           0
               DewPoint   20021009T110000        -8.09        -0.99        -8.09        -1.10         6.41         2100         2100            0           0           0
               DewPoint   20021009T120000        -8.41        -0.85        -8.41        -0.91         7.11         2100         2100            0           0           0
               DewPoint   20021009T130000        -8.93        -1.16        -8.93        -0.94         6.05         2100         2100            0           0           0
               DewPoint   20021009T140000       -10.01        -1.57         1.28        -1.01         4.73         2100         2100            0           0           0
               DewPoint   20021009T150000       -10.09        -1.54         1.74        -0.99         4.90         2100         2100            0           0           0
               DewPoint   20021009T160000        -9.42        -1.64        -9.42        -1.34         4.74         2100         2100            0           0           0
               DewPoint   20021009T170000        -7.78        -1.47        -7.78        -1.42         4.68         2100         2100            0           0           0
               DewPoint   20021009T180000        -6.37        -1.33         1.24        -1.42         4.49         2100         2100            0           0           0
               DewPoint   20021009T190000        -6.43        -1.34         2.76        -1.45         4.45         2100         2100            0           0           0
               DewPoint   20021009T200000        -6.32        -1.38        -6.32        -1.44         4.29         2100         2100            0           0           0
               DewPoint   20021009T210000        -6.39        -1.42         1.34        -1.39         4.32         2100         2100            0           0           0
               DewPoint   20021009T220000        -6.39        -1.44         1.60        -1.34         4.29         2100         2100            0           0           0
               DewPoint   20021009T230000        -6.38        -1.45         1.47        -1.24         4.25         2100         2100            0           0           0
               DewPoint   20021010T000000        -6.36        -1.45         0.99        -1.19         4.22         2100         2100            0           0           0
               DewPoint   20021010T010000        -6.42        -1.45         0.89        -1.16         4.26         2100         2100            0           0           0
               DewPoint   20021010T020000        -6.52        -1.44         0.74        -1.11         4.29         2100         2100            0           0           0
               DewPoint   20021010T030000        -6.66        -1.43         0.59        -1.07         4.29         2100         2100            0           0           0
               DewPoint   20021010T040000        -6.81        -1.42         0.46        -1.02         4.22         2100         2100            0           0           0
               DewPoint   20021010T050000        -6.94        -1.41         0.35        -0.96         4.13         2100         2100            0           0           0
               DewPoint   20021010T060000        -7.03        -1.40         0.25        -0.91         4.02         2100         2100            0           0           0
               DewPoint   20021010T070000        -6.84        -1.43        -6.84        -0.96         3.94         2100         2100            0           0           0
               DewPoint   20021010T080000        -6.59        -1.45        -6.59        -1.05         3.85         2100         2100            0           0           0
               DewPoint   20021010T090000        -6.62        -1.42         0.04        -1.06         3.75         2100         2100            0           0           0
               DewPoint   20021010T100000        -6.69        -1.21        -6.69        -0.90         3.64         2100         2100            0           0           0
               DewPoint   20021010T110000        -6.74        -1.01        -6.74        -0.67         4.32         2100         2100            0           0           0
               DewPoint   20021010T120000        -6.79        -0.89        -3.77        -0.58         4.97         2100         2100            0           0           0
               DewPoint   20021010T130000        -6.82        -1.10        -6.82        -0.83         4.19         2100         2100            0           0           0
               DewPoint   20021010T140000        -6.84        -1.39        -6.84        -1.11         3.59         2100         2100            0           0           0
               DewPoint   20021010T150000        -7.01        -1.66        -1.11        -1.34         3.77         2100         2100            0           0           0
               DewPoint   20021010T160000        -6.98        -1.69        -6.98        -1.33         3.98         2100         2100            0           0           0
               DewPoint   20021010T170000        -7.08        -1.66         3.46        -1.28         4.11         2100         2100            0           0           0
               DewPoint   20021010T180000        -7.32        -1.60        -0.84        -1.19         4.19         2100         2100            0           0           0
               DewPoint   20021010T190000        -7.41        -1.60        -7.41        -1.20         4.23         2100         2100            0           0           0
               DewPoint   20021010T200000        -7.46        -1.61        -7.46        -1.23         4.32         2100         2100            0           0           0
               DewPoint   20021010T210000        -7.54        -1.62        -0.55        -1.25         4.53         2100         2100            0           0           0
               DewPoint   20021010T220000        -7.61        -1.63        -7.61        -1.31         4.65         2100         2100            0           0           0
               DewPoint   20021010T230000        -8.20        -1.65        -8.20        -1.36         4.73         2100         2100            0           0           0
               DewPoint   20021011T000000        -8.88        -1.66        -0.55        -1.41         4.76         2100         2100            0           0           0
               DewPoint   20021011T010000        -8.73        -1.66        -8.73        -1.44         4.71         2100         2100            0           0           0
               DewPoint   20021011T020000        -8.33        -1.65        -8.33        -1.46         4.64         2100         2100            0           0           0
               DewPoint   20021011T030000        -8.25        -1.63        -0.55        -1.49         4.72         2100         2100            0           0           0
               DewPoint   20021011T040000        -8.12        -1.60        -8.12        -1.52         4.75         2100         2100            0           0           0
               DewPoint   20021011T050000        -7.85        -1.56        -7.85        -1.52         4.83         2100         2100            0           0           0
               DewPoint   20021011T060000        -7.74        -1.49        -0.50        -1.50         4.84         2100         2100            0           0           0
               DewPoint   20021011T070000        -7.56        -1.39        -7.56        -1.45         4.73         2100         2100            0           0           0
               DewPoint   20021011T080000        -7.31        -1.27        -7.31        -1.46         4.57         2100         2100            0           0           0
               DewPoint   20021011T090000        -7.02        -1.17        -0.29        -1.38         4.39         2100         2100            0           0           0
               DewPoint   20021011T100000        -6.68        -1.11        -6.68        -1.34         4.25         2100         2100            0           0           0
               DewPoint   20021011T110000        -6.38        -1.06        -2.08        -1.30         4.16         2100         2100            0           0           0
               DewPoint   20021011T120000        -6.27        -1.04        -0.05        -1.26         4.16         2100         2100            0           0           0
               DewPoint   20021011T130000        -6.47        -1.02         0.05        -1.17         4.14         2100         2100            0           0           0
               DewPoint   20021011T140000        -6.77        -1.01         0.15        -1.11         4.10         2100         2100            0           0           0
               DewPoint   20021011T150000        -7.11        -1.01         0.24        -1.06         4.05         2100         2100            0           0           0
               DewPoint   20021011T160000        -7.35        -1.01        -7.35        -1.01         4.02         2100         2100            0           0           0
               DewPoint   20021011T170000        -7.74        -1.01        -0.78        -0.97         4.06         2100         2100            0           0           0
               DewPoint   20021011T180000        -8.11        -1.02         0.34        -0.96         4.10         2100         2100            0           0           0
               DewPoint   20021011T190000        -8.12        -1.03        -1.20        -0.98         4.06         2100         2100            0           0           0
               DewPoint   20021011T200000        -8.32        -1.05        -1.31        -1.00         4.08         2100         2100            0           0           0
               DewPoint   20021011T210000        -8.56        -1.07         0.29        -1.04         4.25         2100         2100            0           0           0
               DewPoint   20021011T220000        -8.78        -1.09        -1.20        -1.01         4.44         2100         2100            0           0           0
               DewPoint   20021011T230000        -8.97        -1.10        -1.34        -0.98         4.65         2100         2100            0           0           0
               DewPoint   20021012T000000        -9.15        -1.11        -1.49        -0.94         4.78         2100         2100            0           0           0
               DewPoint   20021012T010000        -9.27        -1.10        -1.65        -0.91         4.69         2100         2100            0           0           0
               DewPoint   20021012T020000        -9.37        -1.08        -1.82        -0.85         4.52         2100         2100            0           0           0
               DewPoint   20021012T030000        -9.44        -1.06        -1.98        -0.80         4.32         2100         2100            0           0           0
               DewPoint   20021012T040000        -9.57        -1.04         0.58        -0.74         4.22         2100         2100            0           0           0
               DewPoint   20021012T050000        -9.82        -1.03         0.46        -0.68         4.27         2100         2100            0           0           0
               DewPoint   20021012T060000       -10.03        -1.00        -2.44        -0.66         4.27         2100         2100            0           0           0

              Parameter              Time          Min         Mean         Mode       Median          Max        Count        Valid         Miss         NaN         Inf
          WindDirection   20021009T060000        10.00        94.20        40.00        40.00       360.00         2100         2100            0           0           0
          WindDirection   20021009T070000        10.00        80.59        30.00        40.00       360.00         2100         2100            0           0           0
          WindDirection   20021009T080000        10.00        70.53        30.00        40.00       360.00         2100         2100            0           0           0
          WindDirection   20021009T090000        10.00        67.67        20.00        40.00       360.00         2100         2100            0           0           0
          WindDirection   20021009T100000         0.00        70.20        20.00        40.00       360.00         2100         2100            0           0           0
          WindDirection   20021009T110000        10.00        71.86        60.00        40.00       360.00         2100         2100            0           0           0
          WindDirection   20021009T120000        10.00        73.56        20.00        40.00       360.00         2100         2100            0           0           0
          WindDirection   20021009T130000        10.00        74.00        50.00        50.00       360.00         2100         2100            0           0           0
          WindDirection   20021009T140000         0.00        74.41        60.00        50.00       360.00         2100         2100            0           0           0
          WindDirection   20021009T150000        10.00        75.50        30.00        50.00       360.00         2100         2100            0           0           0
          WindDirection   20021009T160000        10.00        73.27        30.00        40.00       360.00         2100         2100            0           0           0
          WindDirection   20021009T170000         0.00        68.92        30.00        40.00       360.00         2100         2100            0           0           0
          WindDirection   20021009T180000        10.00        55.23        30.00        40.00       360.00         2100         2100            0           0           0
          WindDirection   20021009T190000        10.00        59.34        30.00        40.00       360.00         2100         2100            0           0           0
          WindDirection   20021009T200000        10.00        60.60        30.00        40.00       360.00         2100         2100            0           0           0
          WindDirection   20021009T210000        10.00        61.13        30.00        40.00       360.00         2100         2100            0           0           0
          WindDirection   20021009T220000        10.00        62.65        30.00        40.00       360.00         2100         2100            0           0           0
          WindDirection   20021009T230000        10.00        63.73        30.00        40.00       360.00         2100         2100            0           0           0
          WindDirection   20021010T000000        10.00        58.69        30.00        40.00       360.00         2100         2100            0           0           0
          WindDirection   20021010T010000        10.00        59.92        30.00        40.00       360.00         2100         2100            0           0           0
          WindDirection   20021010T020000        10.00        59.15        30.00        40.00       360.00         2100         2100            0           0           0
          WindDirection   20021010T030000        10.00        49.56        30.00        40.00       360.00         2100         2100            0           0           0
          WindDirection   20021010T040000        10.00        53.16        30.00        40.00       360.00         2100         2100            0           0           0
          WindDirection   20021010T050000        10.00        53.57        30.00        40.00       360.00         2100         2100            0           0           0
          WindDirection   20021010T060000        10.00        54.10        40.00        40.00       360.00         2100         2100            0           0           0
          WindDirection   20021010T070000        10.00        56.04        30.00        40.00       360.00         2100         2100            0           0           0
          WindDirection   20021010T080000        10.00        57.01        30.00        40.00       360.00         2100         2100            0           0           0
          WindDirection   20021010T090000        10.00        56.07        40.00        40.00       360.00         2100         2100            0           0           0
          WindDirection   20021010T100000        10.00        58.20        30.00        40.00       360.00         2100         2100            0           0           0
          WindDirection   20021010T110000        10.00        58.35        30.00        40.00       360.00         2100         2100            0           0           0
          WindDirection   20021010T120000        10.00        59.00        40.00        40.00       360.00         2100         2100            0           0           0
          WindDirection   20021010T130000        10.00        58.85        30.00        30.00       360.00         2100         2100            0           0           0
          WindDirection   20021010T140000        10.00        59.04        30.00        30.00       360.00         2100         2100            0           0           0
          WindDirection   20021010T150000        10.00        57.84        40.00        40.00       360.00         2100         2100            0           0           0
          WindDirection   20021010T160000        10.00        58.86        30.00        30.00       360.00         2100         2100            0           0           0
          WindDirection   20021010T170000        10.00        59.60        30.00        30.00       360.00         2100         2100            0           0           0
          WindDirection   20021010T180000        10.00        59.99        40.00        40.00       360.00         2100         2100            0           0           0
          WindDirection   20021010T190000        10.00        72.68        30.00        30.00       360.00         2100         2100            0           0           0
          WindDirection   20021010T200000        10.00        76.43        30.00        30.00       360.00         2100         2100            0           0           0
          WindDirection   20021010T210000        10.00        77.98        30.00        30.00       360.00         2100         2100            0           0           0
          WindDirection   20021010T220000        10.00        86.23        20.00        30.00       360.00         2100         2100            0           0           0
          WindDirection   20021010T230000        10.00        86.37        20.00        30.00       360.00         2100         2100            0           0           0
          WindDirection   20021011T000000         0.00        86.56        20.00        30.00       360.00         2100         2100            0           0           0
          WindDirection   20021011T010000        10.00        92.47        20.00        30.00       360.00         2100         2100            0           0           0
          WindDirection   20021011T020000        10.00        93.40        20.00        30.00       360.00         2100         2100            0           0           0
          WindDirection   20021011T030000        10.00        90.13        20.00        30.00       360.00         2100         2100            0           0           0
          WindDirection   20021011T040000        10.00        97.71        20.00        30.00       360.00         2100         2100            0           0           0
          WindDirection   20021011T050000        10.00        97.69        20.00        30.00       360.00         2100         2100            0           0           0
          WindDirection   20021011T060000        10.00        99.44        20.00        30.00       360.00         2100         2100            0           0           0
          WindDirection   20021011T070000        10.00       102.61        20.00        30.00       360.00         2100         2100            0           0           0
          WindDirection   20021011T080000        10.00       101.90        30.00        40.00       360.00         2100         2100            0           0           0
          WindDirection   20021011T090000        10.00        94.26        30.00        40.00       360.00         2100         2100            0           0           0
          WindDirection   20021011T100000        10.00       103.79        30.00        40.00       360.00         2100         2100            0           0           0
          WindDirection   20021011T110000        10.00       102.71        30.00        40.00       360.00         2100         2100            0           0           0
          WindDirection   20021011T120000        10.00        99.67        30.00        40.00       360.00         2100         2100            0           0           0
          WindDirection   20021011T130000        10.00       111.85        30.00        40.00       360.00         2100         2100            0           0           0
          WindDirection   20021011T140000        10.00       112.33        30.00        40.00       360.00         2100         2100            0           0           0
          WindDirection   20021011T150000        10.00       114.39        30.00        40.00       360.00         2100         2100            0           0           0
          WindDirection   20021011T160000        10.00       116.26        30.00        40.00       360.00         2100         2100            0           0           0
          WindDirection   20021011T170000        10.00       117.28        30.00        40.00       360.00         2100         2100            0           0           0
          WindDirection   20021011T180000        10.00       105.03        20.00        40.00       360.00         2100         2100            0           0           0
          WindDirection   20021011T190000        10.00       138.44        20.00        60.00       360.00         2100         2100            0           0           0
          WindDirection   20021011T200000         0.00       140.56        20.00        60.00       360.00         2100         2100            0           0           0
          WindDirection   20021011T210000        10.00       140.04        20.00        60.00       360.00         2100         2100            0           0           0
          WindDirection   20021011T220000        10.00       146.53        20.00        60.00       360.00         2100         2100            0           0           0
          WindDirection   20021011T230000        10.00       146.94        20.00        60.00       360.00         2100         2100            0           0           0
          WindDirection   20021012T000000        10.00       142.35        20.00        60.00       360.00         2100         2100            0           0           0
          WindDirection   20021012T010000        10.00       150.52        20.00        70.00       360.00         2100         2100            0           0           0
          WindDirection   20021012T020000        10.00       151.32        20.00        70.00       360.00         2100         2100            0           0           0
          WindDirection   20021012T030000        10.00       146.40        20.00        70.00       360.00         2100         2100            0           0           0
          WindDirection   20021012T040000         0.00       145.85        20.00        70.00       360.00         2100         2100            0           0           0
          WindDirection   20021012T050000         0.00       144.75        20.00        70.00       360.00         2100         2100            0           0           0
          WindDirection   20021012T060000        10.00       132.78        30.00        60.00       360.00         2100         2100            0           0           0

              Parameter              Time          Min         Mean         Mode       Median          Max        Count        Valid         Miss         NaN         Inf
            WindSpeedMS   20021009T060000         0.00         5.26         3.00         5.00        15.00         2100         2100            0           0           0
            WindSpeedMS   20021009T070000         0.00         5.32         4.00         5.00        15.00         2100         2100            0           0           0
            WindSpeedMS   20021009T080000         0.00         5.35         4.00         5.00        15.00         2100         2100            0           0           0
            WindSpeedMS   20021009T090000         0.00         5.38         4.00         5.00        15.00         2100         2100            0           0           0
            WindSpeedMS   20021009T100000         0.00         5.45         4.00         5.00        15.00         2100         2100            0           0           0
            WindSpeedMS   20021009T110000         0.00         5.51         4.00         5.00        14.00         2100         2100            0           0           0
            WindSpeedMS   20021009T120000         0.00         5.54         4.00         5.00        14.00         2100         2100            0           0           0
            WindSpeedMS   20021009T130000         0.00         5.52         4.00         5.00        13.00         2100         2100            0           0           0
            WindSpeedMS   20021009T140000         0.00         5.47         4.00         5.00        13.00         2100         2100            0           0           0
            WindSpeedMS   20021009T150000         0.00         5.42         4.00         5.00        13.00         2100         2100            0           0           0
            WindSpeedMS   20021009T160000         0.00         4.89         4.00         4.00        13.00         2100         2100            0           0           0
            WindSpeedMS   20021009T170000         0.00         4.74         4.00         4.00        13.00         2100         2100            0           0           0
            WindSpeedMS   20021009T180000         1.00         4.94         4.00         5.00        13.00         2100         2100            0           0           0
            WindSpeedMS   20021009T190000         1.00         4.75         4.00         4.00        13.00         2100         2100            0           0           0
            WindSpeedMS   20021009T200000         1.00         4.74         3.00         4.00        13.00         2100         2100            0           0           0
            WindSpeedMS   20021009T210000         1.00         4.80         3.00         4.00        13.00         2100         2100            0           0           0
            WindSpeedMS   20021009T220000         1.00         4.70         4.00         4.00        12.00         2100         2100            0           0           0
            WindSpeedMS   20021009T230000         1.00         4.70         4.00         4.00        12.00         2100         2100            0           0           0
            WindSpeedMS   20021010T000000         0.00         4.86         4.00         4.00        12.00         2100         2100            0           0           0
            WindSpeedMS   20021010T010000         0.00         4.77         4.00         4.00        12.00         2100         2100            0           0           0
            WindSpeedMS   20021010T020000         0.00         4.77         4.00         4.00        12.00         2100         2100            0           0           0
            WindSpeedMS   20021010T030000         1.00         4.92         4.00         4.00        12.00         2100         2100            0           0           0
            WindSpeedMS   20021010T040000         1.00         4.77         4.00         4.00        11.00         2100         2100            0           0           0
            WindSpeedMS   20021010T050000         1.00         4.77         4.00         4.00        11.00         2100         2100            0           0           0
            WindSpeedMS   20021010T060000         1.00         4.88         4.00         4.00        11.00         2100         2100            0           0           0
            WindSpeedMS   20021010T070000         0.00         4.63         4.00         4.00        10.00         2100         2100            0           0           0
            WindSpeedMS   20021010T080000         0.00         4.63         4.00         4.00        10.00         2100         2100            0           0           0
            WindSpeedMS   20021010T090000         0.00         4.79         4.00         4.00        10.00         2100         2100            0           0           0
            WindSpeedMS   20021010T100000         0.00         4.57         4.00         4.00        10.00         2100         2100            0           0           0
            WindSpeedMS   20021010T110000         0.00         4.55         4.00         4.00        10.00         2100         2100            0           0           0
            WindSpeedMS   20021010T120000         0.00         4.67         4.00         4.00        10.00         2100         2100            0           0           0
            WindSpeedMS   20021010T130000         0.00         4.33         4.00         4.00         9.00         2100         2100            0           0           0
            WindSpeedMS   20021010T140000         0.00         4.33         4.00         4.00         9.00         2100         2100            0           0           0
            WindSpeedMS   20021010T150000         0.00         4.40         4.00         4.00        10.00         2100         2100            0           0           0
            WindSpeedMS   20021010T160000         0.00         4.10         4.00         4.00         9.00         2100         2100            0           0           0
            WindSpeedMS   20021010T170000         0.00         4.10         4.00         4.00         9.00         2100         2100            0           0           0
            WindSpeedMS   20021010T180000         1.00         4.17         4.00         4.00         9.00         2100         2100            0           0           0
            WindSpeedMS   20021010T190000         0.00         3.82         3.00         3.00         9.00         2100         2100            0           0           0
            WindSpeedMS   20021010T200000         0.00         3.81         3.00         3.00         9.00         2100         2100            0           0           0
            WindSpeedMS   20021010T210000         0.00         3.85         3.00         4.00         9.00         2100         2100            0           0           0
            WindSpeedMS   20021010T220000         0.00         3.73         3.00         3.00         9.00         2100         2100            0           0           0
            WindSpeedMS   20021010T230000         0.00         3.73         3.00         3.00         9.00         2100         2100            0           0           0
            WindSpeedMS   20021011T000000         0.00         3.81         3.00         4.00         9.00         2100         2100            0           0           0
            WindSpeedMS   20021011T010000         0.00         3.68         3.00         3.00         9.00         2100         2100            0           0           0
            WindSpeedMS   20021011T020000         0.00         3.69         3.00         3.00         9.00         2100         2100            0           0           0
            WindSpeedMS   20021011T030000         0.00         3.79         3.00         3.00         9.00         2100         2100            0           0           0
            WindSpeedMS   20021011T040000         0.00         3.65         3.00         3.00         8.00         2100         2100            0           0           0
            WindSpeedMS   20021011T050000         0.00         3.65         3.00         3.00         8.00         2100         2100            0           0           0
            WindSpeedMS   20021011T060000         0.00         3.72         3.00         3.00         9.00         2100         2100            0           0           0
            WindSpeedMS   20021011T070000         0.00         3.55         3.00         3.00         8.00         2100         2100            0           0           0
            WindSpeedMS   20021011T080000         0.00         3.55         3.00         3.00         8.00         2100         2100            0           0           0
            WindSpeedMS   20021011T090000         0.00         3.77         4.00         4.00         8.00         2100         2100            0           0           0
            WindSpeedMS   20021011T100000         0.00         3.52         3.00         3.00         8.00         2100         2100            0           0           0
            WindSpeedMS   20021011T110000         0.00         3.53         3.00         3.00         8.00         2100         2100            0           0           0
            WindSpeedMS   20021011T120000         0.00         3.64         3.00         3.00         8.00         2100         2100            0           0           0
            WindSpeedMS   20021011T130000         0.00         3.21         3.00         3.00         8.00         2100         2100            0           0           0
            WindSpeedMS   20021011T140000         0.00         3.21         3.00         3.00         8.00         2100         2100            0           0           0
            WindSpeedMS   20021011T150000         0.00         3.24         3.00         3.00         8.00         2100         2100            0           0           0
            WindSpeedMS   20021011T160000         0.00         3.22         2.00         3.00         8.00         2100         2100            0           0           0
            WindSpeedMS   20021011T170000         0.00         3.23         2.00         3.00         8.00         2100         2100            0           0           0
            WindSpeedMS   20021011T180000         0.00         3.37         2.00         3.00         9.00         2100         2100            0           0           0
            WindSpeedMS   20021011T190000         0.00         3.02         2.00         2.00         8.00         2100         2100            0           0           0
            WindSpeedMS   20021011T200000         0.00         3.02         2.00         2.00         8.00         2100         2100            0           0           0
            WindSpeedMS   20021011T210000         0.00         3.04         2.00         2.00         8.00         2100         2100            0           0           0
            WindSpeedMS   20021011T220000         0.00         3.01         2.00         2.00         8.00         2100         2100            0           0           0
            WindSpeedMS   20021011T230000         0.00         3.01         2.00         2.00         8.00         2100         2100            0           0           0
            WindSpeedMS   20021012T000000         0.00         3.11         2.00         3.00         8.00         2100         2100            0           0           0
            WindSpeedMS   20021012T010000         0.00         2.93         2.00         2.00         8.00         2100         2100            0           0           0
            WindSpeedMS   20021012T020000         0.00         2.93         2.00         2.00         8.00         2100         2100            0           0           0
            WindSpeedMS   20021012T030000         0.00         2.94         2.00         2.00         8.00         2100         2100            0           0           0
            WindSpeedMS   20021012T040000         0.00         2.94         2.00         2.00         8.00         2100         2100            0           0           0
            WindSpeedMS   20021012T050000         0.00         2.94         2.00         2.00         8.00         2100         2100            0           0           0
            WindSpeedMS   20021012T060000         0.00         3.09         2.00         3.00         9.00         2100         2100            0           0           0

              Parameter              Time          Min         Mean         Mode       Median          Max        Count        Valid         Miss         NaN         Inf
      PrecipitationType   20021009T060000         1.00          nan         1.00         1.00         2.00         2100          256         1844           0           0
      PrecipitationType   20021009T070000         1.00          nan         1.00         1.00         2.00         2100          266         1834           0           0
      PrecipitationType   20021009T080000         1.00          nan         1.00         1.00         2.00         2100          275         1825           0           0
      PrecipitationType   20021009T090000         1.00          nan         1.00         1.00         2.00         2100          381         1719           0           0
      PrecipitationType   20021009T100000         1.00          nan         1.00         1.00         2.00         2100          365         1735           0           0
      PrecipitationType   20021009T110000         1.00          nan         1.00         1.00         2.00         2100          395         1705           0           0
      PrecipitationType   20021009T120000         1.00          nan         1.00         1.00         2.00         2100          390         1710           0           0
      PrecipitationType   20021009T130000         1.00          nan         1.00         1.00         2.00         2100          359         1741           0           0
      PrecipitationType   20021009T140000         1.00          nan         1.00         1.00         2.00         2100          387         1713           0           0
      PrecipitationType   20021009T150000         1.00          nan         1.00         1.00         2.00         2100          363         1737           0           0
      PrecipitationType   20021009T160000         1.00          nan         1.00         1.00         2.00         2100          366         1734           0           0
      PrecipitationType   20021009T170000         1.00          nan         1.00         1.00         2.00         2100          313         1787           0           0
      PrecipitationType   20021009T180000         1.00          nan         1.00         1.00         2.00         2100          305         1795           0           0
      PrecipitationType   20021009T190000         1.00          nan         1.00         1.00         2.00         2100          280         1820           0           0
      PrecipitationType   20021009T200000         1.00          nan         1.00         1.00         2.00         2100          217         1883           0           0
      PrecipitationType   20021009T210000         1.00          nan         1.00         1.00         2.00         2100          212         1888           0           0
      PrecipitationType   20021009T220000         1.00          nan         1.00         1.00         2.00         2100          196         1904           0           0
      PrecipitationType   20021009T230000         1.00          nan         1.00         1.00         2.00         2100          190         1910           0           0
      PrecipitationType   20021010T000000         1.00          nan         1.00         1.00         2.00         2100          190         1910           0           0
      PrecipitationType   20021010T010000         1.00          nan         1.00         1.00         2.00         2100          716         1384           0           0
      PrecipitationType   20021010T020000         1.00          nan         1.00         1.00         2.00         2100          716         1384           0           0
      PrecipitationType   20021010T030000         1.00          nan         1.00         1.00         2.00         2100          635         1465           0           0
      PrecipitationType   20021010T040000         1.00          nan         1.00         1.00         2.00         2100          724         1376           0           0
      PrecipitationType   20021010T050000         1.00          nan         1.00         1.00         2.00         2100          724         1376           0           0
      PrecipitationType   20021010T060000         1.00          nan         1.00         1.00         2.00         2100          609         1491           0           0
      PrecipitationType   20021010T070000         1.00          nan         1.00         1.00         2.00         2100          731         1369           0           0
      PrecipitationType   20021010T080000         1.00          nan         1.00         1.00         2.00         2100          731         1369           0           0
      PrecipitationType   20021010T090000         1.00          nan         1.00         1.00         2.00         2100          597         1503           0           0
      PrecipitationType   20021010T100000         1.00          nan         1.00         1.00         2.00         2100          740         1360           0           0
      PrecipitationType   20021010T110000         1.00          nan         1.00         1.00         2.00         2100          740         1360           0           0
      PrecipitationType   20021010T120000         1.00          nan         1.00         1.00         2.00         2100          597         1503           0           0
      PrecipitationType   20021010T130000         1.00          nan         2.00         2.00         2.00         2100          651         1449           0           0
      PrecipitationType   20021010T140000         1.00          nan         1.00         1.00         2.00         2100          651         1449           0           0
      PrecipitationType   20021010T150000         1.00          nan         2.00         2.00         2.00         2100          429         1671           0           0
      PrecipitationType   20021010T160000         1.00          nan         2.00         2.00         2.00         2100          464         1636           0           0
      PrecipitationType   20021010T170000         1.00          nan         2.00         2.00         2.00         2100          464         1636           0           0
      PrecipitationType   20021010T180000         1.00          nan         1.00         1.00         2.00         2100          359         1741           0           0
      PrecipitationType   20021010T190000         1.00          nan         1.00         1.00         2.00         2100          490         1610           0           0
      PrecipitationType   20021010T200000         1.00          nan         1.00         1.00         2.00         2100          490         1610           0           0
      PrecipitationType   20021010T210000         1.00          nan         1.00         1.00         2.00         2100          426         1674           0           0
      PrecipitationType   20021010T220000         1.00          nan         1.00         1.00         2.00         2100          510         1590           0           0
      PrecipitationType   20021010T230000         1.00          nan         1.00         1.00         2.00         2100          510         1590           0           0
      PrecipitationType   20021011T000000         1.00          nan         1.00         1.00         2.00         2100          377         1723           0           0
      PrecipitationType   20021011T010000         1.00          nan         1.00         1.00         2.00         2100          437         1663           0           0
      PrecipitationType   20021011T020000         1.00          nan         1.00         1.00         2.00         2100          437         1663           0           0
      PrecipitationType   20021011T030000         1.00          nan         1.00         1.00         2.00         2100          301         1799           0           0
      PrecipitationType   20021011T040000         1.00          nan         1.00         1.00         2.00         2100          348         1752           0           0
      PrecipitationType   20021011T050000         1.00          nan         1.00         1.00         2.00         2100          348         1752           0           0
      PrecipitationType   20021011T060000         1.00          nan         2.00         2.00         2.00         2100          248         1852           0           0
      PrecipitationType   20021011T070000         1.00          nan         2.00         2.00         2.00         2100          354         1746           0           0
      PrecipitationType   20021011T080000         1.00          nan         2.00         2.00         2.00         2100          354         1746           0           0
      PrecipitationType   20021011T090000         1.00          nan         2.00         2.00         2.00         2100          308         1792           0           0
      PrecipitationType   20021011T100000         1.00          nan         2.00         2.00         2.00         2100          708         1392           0           0
      PrecipitationType   20021011T110000         1.00          nan         2.00         2.00         2.00         2100          708         1392           0           0
      PrecipitationType   20021011T120000         1.00          nan         2.00         2.00         2.00         2100          663         1437           0           0
      PrecipitationType   20021011T130000         1.00          nan         2.00         2.00         2.00         2100          819         1281           0           0
      PrecipitationType   20021011T140000         1.00          nan         2.00         2.00         2.00         2100          819         1281           0           0
      PrecipitationType   20021011T150000         1.00          nan         2.00         2.00         2.00         2100          819         1281           0           0
      PrecipitationType   20021011T160000         1.00          nan         2.00         2.00         2.00         2100          819         1281           0           0
      PrecipitationType   20021011T170000         1.00          nan         2.00         2.00         2.00         2100          819         1281           0           0
      PrecipitationType   20021011T180000         1.00          nan         2.00         2.00         2.00         2100          388         1712           0           0
      PrecipitationType   20021011T190000         1.00          nan         1.00         1.00         2.00         2100          564         1536           0           0
      PrecipitationType   20021011T200000         1.00          nan         1.00         1.00         2.00         2100          564         1536           0           0
      PrecipitationType   20021011T210000         1.00          nan         1.00         1.00         2.00         2100          564         1536           0           0
      PrecipitationType   20021011T220000         1.00          nan         1.00         1.00         2.00         2100          564         1536           0           0
      PrecipitationType   20021011T230000         1.00          nan         1.00         1.00         2.00         2100          564         1536           0           0
      PrecipitationType   20021012T000000         1.00          nan         1.00         1.00         2.00         2100          401         1699           0           0
      PrecipitationType   20021012T010000         1.00          nan         1.00         1.00         2.00         2100          615         1485           0           0
      PrecipitationType   20021012T020000         1.00          nan         1.00         1.00         2.00         2100          615         1485           0           0
      PrecipitationType   20021012T030000         1.00          nan         1.00         1.00         2.00         2100          615         1485           0           0
      PrecipitationType   20021012T040000         1.00          nan         1.00         1.00         2.00         2100          615         1485           0           0
      PrecipitationType   20021012T050000         1.00          nan         1.00         1.00         2.00         2100          615         1485           0           0
      PrecipitationType   20021012T060000         1.00          nan         1.00         1.00         2.00         2100          496         1604           0           0

              Parameter              Time          Min         Mean         Mode       Median          Max        Count        Valid         Miss         NaN         Inf
      PrecipitationForm   20021009T060000         0.00         2.57         3.00         3.00         3.00         2100          256         1844           0           0
      PrecipitationForm   20021009T070000         1.00         2.61         3.00         3.00         3.00         2100          266         1834           0           0
      PrecipitationForm   20021009T080000         0.00         2.57         3.00         3.00         3.00         2100          275         1825           0           0
      PrecipitationForm   20021009T090000         0.00         2.51         3.00         3.00         3.00         2100          381         1719           0           0
      PrecipitationForm   20021009T100000         0.00         2.38         3.00         3.00         3.00         2100          365         1735           0           0
      PrecipitationForm   20021009T110000         0.00         2.14         2.00         2.00         3.00         2100          395         1705           0           0
      PrecipitationForm   20021009T120000         0.00         2.15         2.00         2.00         3.00         2100          390         1710           0           0
      PrecipitationForm   20021009T130000         0.00         2.19         2.00         2.00         3.00         2100          359         1741           0           0
      PrecipitationForm   20021009T140000         0.00         2.28         3.00         2.00         3.00         2100          387         1713           0           0
      PrecipitationForm   20021009T150000         0.00         2.35         3.00         3.00         3.00         2100          363         1737           0           0
      PrecipitationForm   20021009T160000         0.00         2.52         3.00         3.00         3.00         2100          366         1734           0           0
      PrecipitationForm   20021009T170000         0.00         2.50         3.00         3.00         3.00         2100          313         1787           0           0
      PrecipitationForm   20021009T180000         0.00         2.41         3.00         3.00         3.00         2100          305         1795           0           0
      PrecipitationForm   20021009T190000         0.00         2.39         3.00         3.00         3.00         2100          280         1820           0           0
      PrecipitationForm   20021009T200000         0.00         2.24         3.00         3.00         3.00         2100          217         1883           0           0
      PrecipitationForm   20021009T210000         0.00         2.13         3.00         2.00         3.00         2100          212         1888           0           0
      PrecipitationForm   20021009T220000         0.00         2.20         3.00         3.00         3.00         2100          196         1904           0           0
      PrecipitationForm   20021009T230000         0.00         2.38         3.00         3.00         3.00         2100          190         1910           0           0
      PrecipitationForm   20021010T000000         0.00         2.43         3.00         3.00         3.00         2100          190         1910           0           0
      PrecipitationForm   20021010T010000         0.00         1.71         3.00         2.00         3.00         2100          716         1384           0           0
      PrecipitationForm   20021010T020000         0.00         1.72         3.00         2.00         3.00         2100          716         1384           0           0
      PrecipitationForm   20021010T030000         0.00         1.75         3.00         2.00         3.00         2100          635         1465           0           0
      PrecipitationForm   20021010T040000         0.00         1.88         3.00         2.00         3.00         2100          724         1376           0           0
      PrecipitationForm   20021010T050000         0.00         1.89         3.00         3.00         3.00         2100          724         1376           0           0
      PrecipitationForm   20021010T060000         0.00         1.92         3.00         3.00         3.00         2100          609         1491           0           0
      PrecipitationForm   20021010T070000         0.00         1.92         3.00         3.00         3.00         2100          731         1369           0           0
      PrecipitationForm   20021010T080000         0.00         1.85         3.00         2.00         3.00         2100          731         1369           0           0
      PrecipitationForm   20021010T090000         0.00         1.85         3.00         2.00         3.00         2100          597         1503           0           0
      PrecipitationForm   20021010T100000         0.00         1.80         3.00         2.00         3.00         2100          740         1360           0           0
      PrecipitationForm   20021010T110000         0.00         1.63         1.00         2.00         3.00         2100          740         1360           0           0
      PrecipitationForm   20021010T120000         0.00         1.46         1.00         1.00         3.00         2100          597         1503           0           0
      PrecipitationForm   20021010T130000         0.00         1.48         1.00         1.00         3.00         2100          651         1449           0           0
      PrecipitationForm   20021010T140000         0.00         1.66         2.00         2.00         3.00         2100          651         1449           0           0
      PrecipitationForm   20021010T150000         0.00         1.64         2.00         2.00         3.00         2100          429         1671           0           0
      PrecipitationForm   20021010T160000         0.00         1.78         2.00         2.00         3.00         2100          464         1636           0           0
      PrecipitationForm   20021010T170000         0.00         1.83         2.00         2.00         3.00         2100          464         1636           0           0
      PrecipitationForm   20021010T180000         0.00         1.85         3.00         2.00         3.00         2100          359         1741           0           0
      PrecipitationForm   20021010T190000         0.00         2.16         3.00         2.00         3.00         2100          490         1610           0           0
      PrecipitationForm   20021010T200000         0.00         2.25         3.00         2.00         3.00         2100          490         1610           0           0
      PrecipitationForm   20021010T210000         0.00         2.29         3.00         3.00         3.00         2100          426         1674           0           0
      PrecipitationForm   20021010T220000         0.00         2.34         3.00         3.00         3.00         2100          510         1590           0           0
      PrecipitationForm   20021010T230000         0.00         2.37         3.00         3.00         3.00         2100          510         1590           0           0
      PrecipitationForm   20021011T000000         0.00         2.49         3.00         3.00         3.00         2100          377         1723           0           0
      PrecipitationForm   20021011T010000         0.00         2.41         3.00         3.00         3.00         2100          437         1663           0           0
      PrecipitationForm   20021011T020000         0.00         2.41         3.00         3.00         3.00         2100          437         1663           0           0
      PrecipitationForm   20021011T030000         0.00         2.28         3.00         2.00         3.00         2100          301         1799           0           0
      PrecipitationForm   20021011T040000         0.00         2.26         3.00         3.00         3.00         2100          348         1752           0           0
      PrecipitationForm   20021011T050000         0.00         2.26         3.00         3.00         3.00         2100          348         1752           0           0
      PrecipitationForm   20021011T060000         0.00         2.05         3.00         2.00         3.00         2100          248         1852           0           0
      PrecipitationForm   20021011T070000         0.00         2.20         3.00         2.00         3.00         2100          354         1746           0           0
      PrecipitationForm   20021011T080000         0.00         2.18         3.00         2.00         3.00         2100          354         1746           0           0
      PrecipitationForm   20021011T090000         1.00         2.16         3.00         2.00         3.00         2100          308         1792           0           0
      PrecipitationForm   20021011T100000         0.00         2.07         2.00         2.00         3.00         2100          708         1392           0           0
      PrecipitationForm   20021011T110000         0.00         1.96         2.00         2.00         3.00         2100          708         1392           0           0
      PrecipitationForm   20021011T120000         0.00         1.93         2.00         2.00         3.00         2100          663         1437           0           0
      PrecipitationForm   20021011T130000         0.00         1.89         2.00         2.00         3.00         2100          819         1281           0           0
      PrecipitationForm   20021011T140000         0.00         2.02         2.00         2.00         3.00         2100          819         1281           0           0
      PrecipitationForm   20021011T150000         0.00         2.14         3.00         2.00         3.00         2100          819         1281           0           0
      PrecipitationForm   20021011T160000         0.00         2.13         3.00         2.00         3.00         2100          819         1281           0           0
      PrecipitationForm   20021011T170000         0.00         2.12         3.00         2.00         3.00         2100          819         1281           0           0
      PrecipitationForm   20021011T180000         0.00         1.48         2.00         2.00         3.00         2100          388         1712           0           0
      PrecipitationForm   20021011T190000         0.00         1.80         2.00         2.00         3.00         2100          564         1536           0           0
      PrecipitationForm   20021011T200000         0.00         1.85         2.00         2.00         3.00         2100          564         1536           0           0
      PrecipitationForm   20021011T210000         0.00         1.88         2.00         2.00         3.00         2100          564         1536           0           0
      PrecipitationForm   20021011T220000         0.00         1.86         2.00         2.00         3.00         2100          564         1536           0           0
      PrecipitationForm   20021011T230000         0.00         1.85         2.00         2.00         3.00         2100          564         1536           0           0
      PrecipitationForm   20021012T000000         0.00         1.88         3.00         2.00         3.00         2100          401         1699           0           0
      PrecipitationForm   20021012T010000         0.00         2.08         3.00         2.00         3.00         2100          615         1485           0           0
      PrecipitationForm   20021012T020000         0.00         2.11         3.00         2.00         3.00         2100          615         1485           0           0
      PrecipitationForm   20021012T030000         0.00         2.14         3.00         2.00         3.00         2100          615         1485           0           0
      PrecipitationForm   20021012T040000         0.00         2.15         3.00         2.00         3.00         2100          615         1485           0           0
      PrecipitationForm   20021012T050000         0.00         2.16         3.00         2.00         3.00         2100          615         1485           0           0
      PrecipitationForm   20021012T060000         0.00         2.20         3.00         2.00         3.00         2100          496         1604           0           0

              Parameter              Time          Min         Mean         Mode       Median          Max        Count        Valid         Miss         NaN         Inf
        TotalCloudCover   20021009T060000         0.00        73.32       100.00       100.00       100.00         2100         2100            0           0           0
        TotalCloudCover   20021009T070000         0.00        73.02       100.00        90.00       100.00         2100         2100            0           0           0
        TotalCloudCover   20021009T080000         0.00        71.34       100.00        90.00       100.00         2100         2100            0           0           0
        TotalCloudCover   20021009T090000         0.00        72.66       100.00        90.00       100.00         2100         2100            0           0           0
        TotalCloudCover   20021009T100000         0.00        71.80       100.00        90.00       100.00         2100         2100            0           0           0
        TotalCloudCover   20021009T110000         0.00        68.50       100.00        80.00       100.00         2100         2100            0           0           0
        TotalCloudCover   20021009T120000         0.00        69.47       100.00        80.00       100.00         2100         2100            0           0           0
        TotalCloudCover   20021009T130000         0.00        70.47       100.00        80.00       100.00         2100         2100            0           0           0
        TotalCloudCover   20021009T140000         0.00        70.96       100.00        80.00       100.00         2100         2100            0           0           0
        TotalCloudCover   20021009T150000         0.00        71.70       100.00        90.00       100.00         2100         2100            0           0           0
        TotalCloudCover   20021009T160000         0.00        74.57       100.00        90.00       100.00         2100         2100            0           0           0
        TotalCloudCover   20021009T170000         0.00        77.99       100.00        90.00       100.00         2100         2100            0           0           0
        TotalCloudCover   20021009T180000        10.00        81.35       100.00       100.00       100.00         2100         2100            0           0           0
        TotalCloudCover   20021009T190000        10.00        80.46       100.00        90.00       100.00         2100         2100            0           0           0
        TotalCloudCover   20021009T200000        10.00        79.55       100.00        90.00       100.00         2100         2100            0           0           0
        TotalCloudCover   20021009T210000        10.00        79.97       100.00        90.00       100.00         2100         2100            0           0           0
        TotalCloudCover   20021009T220000        10.00        79.41       100.00        90.00       100.00         2100         2100            0           0           0
        TotalCloudCover   20021009T230000         0.00        79.95       100.00        90.00       100.00         2100         2100            0           0           0
        TotalCloudCover   20021010T000000         0.00        80.33       100.00        90.00       100.00         2100         2100            0           0           0
        TotalCloudCover   20021010T010000         0.00        80.24       100.00        90.00       100.00         2100         2100            0           0           0
        TotalCloudCover   20021010T020000         0.00        80.88       100.00        90.00       100.00         2100         2100            0           0           0
        TotalCloudCover   20021010T030000         0.00        81.32       100.00       100.00       100.00         2100         2100            0           0           0
        TotalCloudCover   20021010T040000         0.00        81.35       100.00        90.00       100.00         2100         2100            0           0           0
        TotalCloudCover   20021010T050000         0.00        81.03       100.00        90.00       100.00         2100         2100            0           0           0
        TotalCloudCover   20021010T060000         0.00        81.06       100.00        90.00       100.00         2100         2100            0           0           0
        TotalCloudCover   20021010T070000         0.00        81.26       100.00        90.00       100.00         2100         2100            0           0           0
        TotalCloudCover   20021010T080000         0.00        80.91       100.00        90.00       100.00         2100         2100            0           0           0
        TotalCloudCover   20021010T090000         0.00        81.09       100.00        90.00       100.00         2100         2100            0           0           0
        TotalCloudCover   20021010T100000         0.00        80.73       100.00        90.00       100.00         2100         2100            0           0           0
        TotalCloudCover   20021010T110000         0.00        80.29       100.00        90.00       100.00         2100         2100            0           0           0
        TotalCloudCover   20021010T120000         0.00        79.92       100.00        90.00       100.00         2100         2100            0           0           0
        TotalCloudCover   20021010T130000         0.00        80.60       100.00        90.00       100.00         2100         2100            0           0           0
        TotalCloudCover   20021010T140000         0.00        81.26       100.00        90.00       100.00         2100         2100            0           0           0
        TotalCloudCover   20021010T150000         0.00        81.93       100.00        90.00       100.00         2100         2100            0           0           0
        TotalCloudCover   20021010T160000         0.00        81.41       100.00        90.00       100.00         2100         2100            0           0           0
        TotalCloudCover   20021010T170000         0.00        81.10       100.00        90.00       100.00         2100         2100            0           0           0
        TotalCloudCover   20021010T180000         0.00        80.58       100.00        90.00       100.00         2100         2100            0           0           0
        TotalCloudCover   20021010T190000         0.00        79.40       100.00        90.00       100.00         2100         2100            0           0           0
        TotalCloudCover   20021010T200000         0.00        78.28       100.00        90.00       100.00         2100         2100            0           0           0
        TotalCloudCover   20021010T210000         0.00        77.10       100.00        90.00       100.00         2100         2100            0           0           0
        TotalCloudCover   20021010T220000         0.00        77.32       100.00        90.00       100.00         2100         2100            0           0           0
        TotalCloudCover   20021010T230000         0.00        77.72       100.00        90.00       100.00         2100         2100            0           0           0
        TotalCloudCover   20021011T000000         0.00        77.94       100.00        90.00       100.00         2100         2100            0           0           0
        TotalCloudCover   20021011T010000         0.00        77.57       100.00        90.00       100.00         2100         2100            0           0           0
        TotalCloudCover   20021011T020000         0.00        76.52       100.00        90.00       100.00         2100         2100            0           0           0
        TotalCloudCover   20021011T030000         0.00        76.15       100.00        90.00       100.00         2100         2100            0           0           0
        TotalCloudCover   20021011T040000         0.00        75.30       100.00        90.00       100.00         2100         2100            0           0           0
        TotalCloudCover   20021011T050000         0.00        74.51       100.00        80.00       100.00         2100         2100            0           0           0
        TotalCloudCover   20021011T060000         0.00        73.64       100.00        90.00       100.00         2100         2100            0           0           0
        TotalCloudCover   20021011T070000         0.00        73.57       100.00        80.00       100.00         2100         2100            0           0           0
        TotalCloudCover   20021011T080000         0.00        72.80        90.00        80.00       100.00         2100         2100            0           0           0
        TotalCloudCover   20021011T090000         0.00        72.72       100.00        80.00       100.00         2100         2100            0           0           0
        TotalCloudCover   20021011T100000         0.00        72.91        90.00        80.00       100.00         2100         2100            0           0           0
        TotalCloudCover   20021011T110000         0.00        72.56        90.00        80.00       100.00         2100         2100            0           0           0
        TotalCloudCover   20021011T120000         0.00        72.73        90.00        80.00       100.00         2100         2100            0           0           0
        TotalCloudCover   20021011T130000         0.00        72.62        90.00        80.00       100.00         2100         2100            0           0           0
        TotalCloudCover   20021011T140000         0.00        72.92        90.00        80.00       100.00         2100         2100            0           0           0
        TotalCloudCover   20021011T150000         0.00        72.74        90.00        80.00       100.00         2100         2100            0           0           0
        TotalCloudCover   20021011T160000         0.00        71.71        90.00        80.00       100.00         2100         2100            0           0           0
        TotalCloudCover   20021011T170000         0.00        69.90        90.00        80.00       100.00         2100         2100            0           0           0
        TotalCloudCover   20021011T180000         0.00        67.87        90.00        80.00       100.00         2100         2100            0           0           0
        TotalCloudCover   20021011T190000         0.00        68.63        90.00        80.00       100.00         2100         2100            0           0           0
        TotalCloudCover   20021011T200000         0.00        70.86        90.00        80.00       100.00         2100         2100            0           0           0
        TotalCloudCover   20021011T210000         0.00        71.53        90.00        80.00       100.00         2100         2100            0           0           0
        TotalCloudCover   20021011T220000         0.00        71.44        90.00        80.00       100.00         2100         2100            0           0           0
        TotalCloudCover   20021011T230000         0.00        70.91       100.00        80.00       100.00         2100         2100            0           0           0
        TotalCloudCover   20021012T000000         0.00        70.57       100.00        80.00       100.00         2100         2100            0           0           0
        TotalCloudCover   20021012T010000         0.00        72.22       100.00        80.00       100.00         2100         2100            0           0           0
        TotalCloudCover   20021012T020000         0.00        76.08       100.00        90.00       100.00         2100         2100            0           0           0
        TotalCloudCover   20021012T030000         0.00        77.72       100.00        90.00       100.00         2100         2100            0           0           0
        TotalCloudCover   20021012T040000         0.00        78.59       100.00        90.00       100.00         2100         2100            0           0           0
        TotalCloudCover   20021012T050000         0.00        79.71       100.00        90.00       100.00         2100         2100            0           0           0
        TotalCloudCover   20021012T060000         0.00        80.58       100.00        90.00       100.00         2100         2100            0           0           0

              Parameter              Time          Min         Mean         Mode       Median          Max        Count        Valid         Miss         NaN         Inf
ProbabilityThunderstorm   20021009T060000         0.00         0.00         0.00         0.00         0.00         2100         2100            0           0           0
ProbabilityThunderstorm   20021009T070000         0.00         0.00         0.00         0.00         0.00         2100         2100            0           0           0
ProbabilityThunderstorm   20021009T080000         0.00         0.00         0.00         0.00         0.00         2100         2100            0           0           0
ProbabilityThunderstorm   20021009T090000         0.00         0.00         0.00         0.00         0.00         2100         2100            0           0           0
ProbabilityThunderstorm   20021009T100000         0.00         0.00         0.00         0.00         0.00         2100         2100            0           0           0
ProbabilityThunderstorm   20021009T110000         0.00         0.00         0.00         0.00         0.00         2100         2100            0           0           0
ProbabilityThunderstorm   20021009T120000         0.00         0.00         0.00         0.00         0.00         2100         2100            0           0           0
ProbabilityThunderstorm   20021009T130000         0.00         0.00         0.00         0.00         0.00         2100         2100            0           0           0
ProbabilityThunderstorm   20021009T140000         0.00         0.00         0.00         0.00         0.00         2100         2100            0           0           0
ProbabilityThunderstorm   20021009T150000         0.00         0.00         0.00         0.00         0.00         2100         2100            0           0           0
ProbabilityThunderstorm   20021009T160000         0.00         0.00         0.00         0.00         0.00         2100         2100            0           0           0
ProbabilityThunderstorm   20021009T170000         0.00         0.00         0.00         0.00         0.00         2100         2100            0           0           0
ProbabilityThunderstorm   20021009T180000         0.00         0.00         0.00         0.00         0.00         2100         2100            0           0           0
ProbabilityThunderstorm   20021009T190000         0.00         0.00         0.00         0.00         0.00         2100         2100            0           0           0
ProbabilityThunderstorm   20021009T200000         0.00         0.00         0.00         0.00         0.00         2100         2100            0           0           0
ProbabilityThunderstorm   20021009T210000         0.00         0.00         0.00         0.00         0.00         2100         2100            0           0           0
ProbabilityThunderstorm   20021009T220000         0.00         0.00         0.00         0.00         0.00         2100         2100            0           0           0
ProbabilityThunderstorm   20021009T230000         0.00         0.00         0.00         0.00         0.00         2100         2100            0           0           0
ProbabilityThunderstorm   20021010T000000         0.00         0.00         0.00         0.00         0.00         2100         2100            0           0           0
ProbabilityThunderstorm   20021010T010000         0.00         0.00         0.00         0.00         0.00         2100         2100            0           0           0
ProbabilityThunderstorm   20021010T020000         0.00         0.00         0.00         0.00         0.00         2100         2100            0           0           0
ProbabilityThunderstorm   20021010T030000         0.00         0.00         0.00         0.00         0.00         2100         2100            0           0           0
ProbabilityThunderstorm   20021010T040000         0.00         0.00         0.00         0.00         0.00         2100         2100            0           0           0
ProbabilityThunderstorm   20021010T050000         0.00         0.00         0.00         0.00         0.00         2100         2100            0           0           0
ProbabilityThunderstorm   20021010T060000         0.00         0.00         0.00         0.00         0.00         2100         2100            0           0           0
ProbabilityThunderstorm   20021010T070000         0.00         0.00         0.00         0.00         0.00         2100         2100            0           0           0
ProbabilityThunderstorm   20021010T080000         0.00         0.00         0.00         0.00         0.00         2100         2100            0           0           0
ProbabilityThunderstorm   20021010T090000         0.00         0.00         0.00         0.00         0.00         2100         2100            0           0           0
ProbabilityThunderstorm   20021010T100000         0.00         0.00         0.00         0.00         0.00         2100         2100            0           0           0
ProbabilityThunderstorm   20021010T110000         0.00         0.00         0.00         0.00         0.00         2100         2100            0           0           0
ProbabilityThunderstorm   20021010T120000         0.00         0.00         0.00         0.00         0.00         2100         2100            0           0           0
ProbabilityThunderstorm   20021010T130000         0.00         0.00         0.00         0.00         0.00         2100         2100            0           0           0
ProbabilityThunderstorm   20021010T140000         0.00         0.00         0.00         0.00         0.00         2100         2100            0           0           0
ProbabilityThunderstorm   20021010T150000         0.00         0.00         0.00         0.00         0.00         2100         2100            0           0           0
ProbabilityThunderstorm   20021010T160000         0.00         0.00         0.00         0.00         0.00         2100         2100            0           0           0
ProbabilityThunderstorm   20021010T170000         0.00         0.00         0.00         0.00         0.00         2100         2100            0           0           0
ProbabilityThunderstorm   20021010T180000         0.00         0.00         0.00         0.00         0.00         2100         2100            0           0           0
ProbabilityThunderstorm   20021010T190000         0.00         0.00         0.00         0.00         0.00         2100         2100            0           0           0
ProbabilityThunderstorm   20021010T200000         0.00         0.00         0.00         0.00         0.00         2100         2100            0           0           0
ProbabilityThunderstorm   20021010T210000         0.00         0.00         0.00         0.00         0.00         2100         2100            0           0           0
ProbabilityThunderstorm   20021010T220000         0.00         0.00         0.00         0.00         0.00         2100         2100            0           0           0
ProbabilityThunderstorm   20021010T230000         0.00         0.00         0.00         0.00         0.00         2100         2100            0           0           0
ProbabilityThunderstorm   20021011T000000         0.00         0.00         0.00         0.00         0.00         2100         2100            0           0           0
ProbabilityThunderstorm   20021011T010000         0.00         0.00         0.00         0.00         0.00         2100         2100            0           0           0
ProbabilityThunderstorm   20021011T020000         0.00         0.00         0.00         0.00         0.00         2100         2100            0           0           0
ProbabilityThunderstorm   20021011T030000         0.00         0.00         0.00         0.00         0.00         2100         2100            0           0           0
ProbabilityThunderstorm   20021011T040000         0.00         0.00         0.00         0.00         0.00         2100         2100            0           0           0
ProbabilityThunderstorm   20021011T050000         0.00         0.00         0.00         0.00         0.00         2100         2100            0           0           0
ProbabilityThunderstorm   20021011T060000         0.00         0.00         0.00         0.00         0.00         2100         2100            0           0           0
ProbabilityThunderstorm   20021011T070000         0.00         0.00         0.00         0.00         0.00         2100         2100            0           0           0
ProbabilityThunderstorm   20021011T080000         0.00         0.00         0.00         0.00         0.00         2100         2100            0           0           0
ProbabilityThunderstorm   20021011T090000         0.00         0.00         0.00         0.00         0.00         2100         2100            0           0           0
ProbabilityThunderstorm   20021011T100000         0.00         0.00         0.00         0.00         0.00         2100         2100            0           0           0
ProbabilityThunderstorm   20021011T110000         0.00         0.00         0.00         0.00         0.00         2100         2100            0           0           0
ProbabilityThunderstorm   20021011T120000         0.00         0.00         0.00         0.00         0.00         2100         2100            0           0           0
ProbabilityThunderstorm   20021011T130000         0.00         0.00         0.00         0.00         0.00         2100         2100            0           0           0
ProbabilityThunderstorm   20021011T140000         0.00         0.00         0.00         0.00         0.00         2100         2100            0           0           0
ProbabilityThunderstorm   20021011T150000         0.00         0.00         0.00         0.00         0.00         2100         2100            0           0           0
ProbabilityThunderstorm   20021011T160000         0.00         0.00         0.00         0.00         0.00         2100         2100            0           0           0
ProbabilityThunderstorm   20021011T170000         0.00         0.00         0.00         0.00         0.00         2100         2100            0           0           0
ProbabilityThunderstorm   20021011T180000         0.00         0.00         0.00         0.00         0.00         2100         2100            0           0           0
ProbabilityThunderstorm   20021011T190000         0.00         0.00         0.00         0.00         0.00         2100         2100            0           0           0
ProbabilityThunderstorm   20021011T200000         0.00         0.00         0.00         0.00         0.00         2100         2100            0           0           0
ProbabilityThunderstorm   20021011T210000         0.00         0.00         0.00         0.00         0.00         2100         2100            0           0           0
ProbabilityThunderstorm   20021011T220000         0.00         0.00         0.00         0.00         0.00         2100         2100            0           0           0
ProbabilityThunderstorm   20021011T230000         0.00         0.00         0.00         0.00         0.00         2100         2100            0           0           0
ProbabilityThunderstorm   20021012T000000         0.00         0.00         0.00         0.00         0.00         2100         2100            0           0           0
ProbabilityThunderstorm   20021012T010000         0.00         0.00         0.00         0.00         0.00         2100         2100            0           0           0
ProbabilityThunderstorm   20021012T020000         0.00         0.00         0.00         0.00         0.00         2100         2100            0           0           0
ProbabilityThunderstorm   20021012T030000         0.00         0.00         0.00         0.00         0.00         2100         2100            0           0           0
ProbabilityThunderstorm   20021012T040000         0.00         0.00         0.00         0.00         0.00         2100         2100            0           0           0
ProbabilityThunderstorm   20021012T050000         0.00         0.00         0.00         0.00         0.00         2100         2100            0           0           0
ProbabilityThunderstorm   20021012T060000         0.00         0.00         0.00         0.00         0.00         2100         2100            0           0           0

              Parameter              Time          Min         Mean         Mode       Median          Max        Count        Valid         Miss         NaN         Inf
 MiddleAndLowCloudCover   20021009T060000         0.00        73.32       100.00       100.00       100.00         2100         2100            0           0           0
 MiddleAndLowCloudCover   20021009T070000         0.00        73.02       100.00        90.00       100.00         2100         2100            0           0           0
 MiddleAndLowCloudCover   20021009T080000         0.00        71.34       100.00        90.00       100.00         2100         2100            0           0           0
 MiddleAndLowCloudCover   20021009T090000         0.00        72.66       100.00        90.00       100.00         2100         2100            0           0           0
 MiddleAndLowCloudCover   20021009T100000         0.00        71.80       100.00        90.00       100.00         2100         2100            0           0           0
 MiddleAndLowCloudCover   20021009T110000         0.00        68.50       100.00        80.00       100.00         2100         2100            0           0           0
 MiddleAndLowCloudCover   20021009T120000         0.00        69.47       100.00        80.00       100.00         2100         2100            0           0           0
 MiddleAndLowCloudCover   20021009T130000         0.00        70.47       100.00        80.00       100.00         2100         2100            0           0           0
 MiddleAndLowCloudCover   20021009T140000         0.00        70.96       100.00        80.00       100.00         2100         2100            0           0           0
 MiddleAndLowCloudCover   20021009T150000         0.00        71.70       100.00        90.00       100.00         2100         2100            0           0           0
 MiddleAndLowCloudCover   20021009T160000         0.00        68.23       100.00        70.00       100.00         2100         2100            0           0           0
 MiddleAndLowCloudCover   20021009T170000         0.00        65.36       100.00        70.00       100.00         2100         2100            0           0           0
 MiddleAndLowCloudCover   20021009T180000         0.00        63.43       100.00        90.00       100.00         2100         2100            0           0           0
 MiddleAndLowCloudCover   20021009T190000         0.00        64.26       100.00        80.00       100.00         2100         2100            0           0           0
 MiddleAndLowCloudCover   20021009T200000         0.00        65.40       100.00        80.00       100.00         2100         2100            0           0           0
 MiddleAndLowCloudCover   20021009T210000         0.00        67.70       100.00        90.00       100.00         2100         2100            0           0           0
 MiddleAndLowCloudCover   20021009T220000         0.00        66.68       100.00        80.00       100.00         2100         2100            0           0           0
 MiddleAndLowCloudCover   20021009T230000         0.00        66.68       100.00        80.00       100.00         2100         2100            0           0           0
 MiddleAndLowCloudCover   20021010T000000         0.00        66.94       100.00        90.00       100.00         2100         2100            0           0           0
 MiddleAndLowCloudCover   20021010T010000         0.00        65.10       100.00        80.00       100.00         2100         2100            0           0           0
 MiddleAndLowCloudCover   20021010T020000         0.00        63.66       100.00        80.00       100.00         2100         2100            0           0           0
 MiddleAndLowCloudCover   20021010T030000         0.00        62.45       100.00        90.00       100.00         2100         2100            0           0           0
 MiddleAndLowCloudCover   20021010T040000         0.00        62.98       100.00        80.00       100.00         2100         2100            0           0           0
 MiddleAndLowCloudCover   20021010T050000         0.00        63.10       100.00        80.00       100.00         2100         2100            0           0           0
 MiddleAndLowCloudCover   20021010T060000         0.00        63.14       100.00        90.00       100.00         2100         2100            0           0           0
 MiddleAndLowCloudCover   20021010T070000         0.00        62.30       100.00        70.00       100.00         2100         2100            0           0           0
 MiddleAndLowCloudCover   20021010T080000         0.00        60.75       100.00        70.00       100.00         2100         2100            0           0           0
 MiddleAndLowCloudCover   20021010T090000         0.00        59.95       100.00        80.00       100.00         2100         2100            0           0           0
 MiddleAndLowCloudCover   20021010T100000         0.00        60.15       100.00        70.00       100.00         2100         2100            0           0           0
 MiddleAndLowCloudCover   20021010T110000         0.00        60.41       100.00        70.00       100.00         2100         2100            0           0           0
 MiddleAndLowCloudCover   20021010T120000         0.00        60.50       100.00        80.00       100.00         2100         2100            0           0           0
 MiddleAndLowCloudCover   20021010T130000         0.00        60.80       100.00        80.00       100.00         2100         2100            0           0           0
 MiddleAndLowCloudCover   20021010T140000         0.00        60.78       100.00        80.00       100.00         2100         2100            0           0           0
 MiddleAndLowCloudCover   20021010T150000         0.00        61.00       100.00        80.00       100.00         2100         2100            0           0           0
 MiddleAndLowCloudCover   20021010T160000         0.00        59.96       100.00        70.00       100.00         2100         2100            0           0           0
 MiddleAndLowCloudCover   20021010T170000         0.00        58.66         0.00        70.00       100.00         2100         2100            0           0           0
 MiddleAndLowCloudCover   20021010T180000         0.00        57.50         0.00        80.00       100.00         2100         2100            0           0           0
 MiddleAndLowCloudCover   20021010T190000         0.00        56.78         0.00        70.00       100.00         2100         2100            0           0           0
 MiddleAndLowCloudCover   20021010T200000         0.00        55.97         0.00        70.00       100.00         2100         2100            0           0           0
 MiddleAndLowCloudCover   20021010T210000         0.00        54.69         0.00        70.00       100.00         2100         2100            0           0           0
 MiddleAndLowCloudCover   20021010T220000         0.00        54.08         0.00        70.00       100.00         2100         2100            0           0           0
 MiddleAndLowCloudCover   20021010T230000         0.00        54.00         0.00        70.00       100.00         2100         2100            0           0           0
 MiddleAndLowCloudCover   20021011T000000         0.00        53.28         0.00        70.00       100.00         2100         2100            0           0           0
 MiddleAndLowCloudCover   20021011T010000         0.00        53.83       100.00        60.00       100.00         2100         2100            0           0           0
 MiddleAndLowCloudCover   20021011T020000         0.00        54.04         0.00        60.00       100.00         2100         2100            0           0           0
 MiddleAndLowCloudCover   20021011T030000         0.00        54.23         0.00        70.00       100.00         2100         2100            0           0           0
 MiddleAndLowCloudCover   20021011T040000         0.00        53.10         0.00        60.00       100.00         2100         2100            0           0           0
 MiddleAndLowCloudCover   20021011T050000         0.00        51.60         0.00        60.00       100.00         2100         2100            0           0           0
 MiddleAndLowCloudCover   20021011T060000         0.00        50.41         0.00        60.00       100.00         2100         2100            0           0           0
 MiddleAndLowCloudCover   20021011T070000         0.00        49.49         0.00        60.00       100.00         2100         2100            0           0           0
 MiddleAndLowCloudCover   20021011T080000         0.00        48.28         0.00        50.00       100.00         2100         2100            0           0           0
 MiddleAndLowCloudCover   20021011T090000         0.00        47.18         0.00        50.00       100.00         2100         2100            0           0           0
 MiddleAndLowCloudCover   20021011T100000         0.00        53.27        30.00        50.00       100.00         2100         2100            0           0           0
 MiddleAndLowCloudCover   20021011T110000         0.00        59.34        70.00        60.00       100.00         2100         2100            0           0           0
 MiddleAndLowCloudCover   20021011T120000         0.00        65.44        90.00        80.00       100.00         2100         2100            0           0           0
 MiddleAndLowCloudCover   20021011T130000         0.00        66.28        90.00        80.00       100.00         2100         2100            0           0           0
 MiddleAndLowCloudCover   20021011T140000         0.00        67.13        90.00        80.00       100.00         2100         2100            0           0           0
 MiddleAndLowCloudCover   20021011T150000         0.00        67.80        90.00        80.00       100.00         2100         2100            0           0           0
 MiddleAndLowCloudCover   20021011T160000         0.00        67.56        90.00        80.00       100.00         2100         2100            0           0           0
 MiddleAndLowCloudCover   20021011T170000         0.00        66.51        80.00        80.00       100.00         2100         2100            0           0           0
 MiddleAndLowCloudCover   20021011T180000         0.00        64.60        90.00        80.00       100.00         2100         2100            0           0           0
 MiddleAndLowCloudCover   20021011T190000         0.00        65.99       100.00        80.00       100.00         2100         2100            0           0           0
 MiddleAndLowCloudCover   20021011T200000         0.00        68.60       100.00        80.00       100.00         2100         2100            0           0           0
 MiddleAndLowCloudCover   20021011T210000         0.00        69.60       100.00        80.00       100.00         2100         2100            0           0           0
 MiddleAndLowCloudCover   20021011T220000         0.00        69.88        90.00        80.00       100.00         2100         2100            0           0           0
 MiddleAndLowCloudCover   20021011T230000         0.00        70.04       100.00        80.00       100.00         2100         2100            0           0           0
 MiddleAndLowCloudCover   20021012T000000         0.00        69.74       100.00        80.00       100.00         2100         2100            0           0           0
 MiddleAndLowCloudCover   20021012T010000         0.00        72.03       100.00        80.00       100.00         2100         2100            0           0           0
 MiddleAndLowCloudCover   20021012T020000         0.00        75.73       100.00        90.00       100.00         2100         2100            0           0           0
 MiddleAndLowCloudCover   20021012T030000         0.00        77.42       100.00        90.00       100.00         2100         2100            0           0           0
 MiddleAndLowCloudCover   20021012T040000         0.00        78.34       100.00        90.00       100.00         2100         2100            0           0           0
 MiddleAndLowCloudCover   20021012T050000         0.00        79.49       100.00        90.00       100.00         2100         2100            0           0           0
 MiddleAndLowCloudCover   20021012T060000         0.00        80.38       100.00        90.00       100.00         2100         2100            0           0           0

              Parameter              Time          Min         Mean         Mode       Median          Max        Count        Valid         Miss         NaN         Inf
          LowCloudCover   20021009T060000         0.00        68.18       100.00        90.00       100.00         2100         2100            0           0           0
          LowCloudCover   20021009T070000         0.00        69.55       100.00        90.00       100.00         2100         2100            0           0           0
          LowCloudCover   20021009T080000         0.00        68.46       100.00        90.00       100.00         2100         2100            0           0           0
          LowCloudCover   20021009T090000         0.00        65.60       100.00        80.00       100.00         2100         2100            0           0           0
          LowCloudCover   20021009T100000         0.00        64.26       100.00        80.00       100.00         2100         2100            0           0           0
          LowCloudCover   20021009T110000         0.00        63.27       100.00        80.00       100.00         2100         2100            0           0           0
          LowCloudCover   20021009T120000         0.00        64.46       100.00        80.00       100.00         2100         2100            0           0           0
          LowCloudCover   20021009T130000         0.00        64.43       100.00        80.00       100.00         2100         2100            0           0           0
          LowCloudCover   20021009T140000         0.00        64.17       100.00        80.00       100.00         2100         2100            0           0           0
          LowCloudCover   20021009T150000         0.00        64.37       100.00        90.00       100.00         2100         2100            0           0           0
          LowCloudCover   20021009T160000         0.00        60.96       100.00        70.00       100.00         2100         2100            0           0           0
          LowCloudCover   20021009T170000         0.00        56.03       100.00        50.00       100.00         2100         2100            0           0           0
          LowCloudCover   20021009T180000         0.00        52.53       100.00        60.00       100.00         2100         2100            0           0           0
          LowCloudCover   20021009T190000         0.00        52.96       100.00        60.00       100.00         2100         2100            0           0           0
          LowCloudCover   20021009T200000         0.00        53.56       100.00        60.00       100.00         2100         2100            0           0           0
          LowCloudCover   20021009T210000         0.00        53.92       100.00        70.00       100.00         2100         2100            0           0           0
          LowCloudCover   20021009T220000         0.00        53.95       100.00        60.00       100.00         2100         2100            0           0           0
          LowCloudCover   20021009T230000         0.00        54.28       100.00        70.00       100.00         2100         2100            0           0           0
          LowCloudCover   20021010T000000         0.00        54.29       100.00        70.00       100.00         2100         2100            0           0           0
          LowCloudCover   20021010T010000         0.00        56.21       100.00        70.00       100.00         2100         2100            0           0           0
          LowCloudCover   20021010T020000         0.00        58.67       100.00        70.00       100.00         2100         2100            0           0           0
          LowCloudCover   20021010T030000         0.00        60.51       100.00        90.00       100.00         2100         2100            0           0           0
          LowCloudCover   20021010T040000         0.00        60.91       100.00        80.00       100.00         2100         2100            0           0           0
          LowCloudCover   20021010T050000         0.00        60.86       100.00        80.00       100.00         2100         2100            0           0           0
          LowCloudCover   20021010T060000         0.00        61.25       100.00        80.00       100.00         2100         2100            0           0           0
          LowCloudCover   20021010T070000         0.00        60.40       100.00        70.00       100.00         2100         2100            0           0           0
          LowCloudCover   20021010T080000         0.00        58.81       100.00        70.00       100.00         2100         2100            0           0           0
          LowCloudCover   20021010T090000         0.00        57.95       100.00        80.00       100.00         2100         2100            0           0           0
          LowCloudCover   20021010T100000         0.00        57.64       100.00        70.00       100.00         2100         2100            0           0           0
          LowCloudCover   20021010T110000         0.00        57.23         0.00        70.00       100.00         2100         2100            0           0           0
          LowCloudCover   20021010T120000         0.00        56.92         0.00        80.00       100.00         2100         2100            0           0           0
          LowCloudCover   20021010T130000         0.00        57.59         0.00        70.00       100.00         2100         2100            0           0           0
          LowCloudCover   20021010T140000         0.00        57.93         0.00        70.00       100.00         2100         2100            0           0           0
          LowCloudCover   20021010T150000         0.00        58.60         0.00        80.00       100.00         2100         2100            0           0           0
          LowCloudCover   20021010T160000         0.00        57.52         0.00        70.00       100.00         2100         2100            0           0           0
          LowCloudCover   20021010T170000         0.00        56.58         0.00        70.00       100.00         2100         2100            0           0           0
          LowCloudCover   20021010T180000         0.00        55.50         0.00        80.00       100.00         2100         2100            0           0           0
          LowCloudCover   20021010T190000         0.00        53.42         0.00        70.00       100.00         2100         2100            0           0           0
          LowCloudCover   20021010T200000         0.00        51.32         0.00        70.00       100.00         2100         2100            0           0           0
          LowCloudCover   20021010T210000         0.00        49.24         0.00        70.00       100.00         2100         2100            0           0           0
          LowCloudCover   20021010T220000         0.00        48.45         0.00        50.00       100.00         2100         2100            0           0           0
          LowCloudCover   20021010T230000         0.00        47.90         0.00        50.00       100.00         2100         2100            0           0           0
          LowCloudCover   20021011T000000         0.00        47.11         0.00        50.00       100.00         2100         2100            0           0           0
          LowCloudCover   20021011T010000         0.00        47.30         0.00        50.00       100.00         2100         2100            0           0           0
          LowCloudCover   20021011T020000         0.00        47.07         0.00        50.00       100.00         2100         2100            0           0           0
          LowCloudCover   20021011T030000         0.00        47.26         0.00        60.00       100.00         2100         2100            0           0           0
          LowCloudCover   20021011T040000         0.00        45.38         0.00        50.00       100.00         2100         2100            0           0           0
          LowCloudCover   20021011T050000         0.00        42.82         0.00        30.00       100.00         2100         2100            0           0           0
          LowCloudCover   20021011T060000         0.00        40.93         0.00        20.00       100.00         2100         2100            0           0           0
          LowCloudCover   20021011T070000         0.00        40.42         0.00        30.00       100.00         2100         2100            0           0           0
          LowCloudCover   20021011T080000         0.00        39.50         0.00        30.00       100.00         2100         2100            0           0           0
          LowCloudCover   20021011T090000         0.00        38.99         0.00        30.00       100.00         2100         2100            0           0           0
          LowCloudCover   20021011T100000         0.00        43.90        30.00        30.00       100.00         2100         2100            0           0           0
          LowCloudCover   20021011T110000         0.00        48.96         0.00        60.00       100.00         2100         2100            0           0           0
          LowCloudCover   20021011T120000         0.00        53.87         0.00        70.00       100.00         2100         2100            0           0           0
          LowCloudCover   20021011T130000         0.00        54.79        80.00        70.00       100.00         2100         2100            0           0           0
          LowCloudCover   20021011T140000         0.00        55.40        90.00        70.00       100.00         2100         2100            0           0           0
          LowCloudCover   20021011T150000         0.00        56.31        90.00        60.00       100.00         2100         2100            0           0           0
          LowCloudCover   20021011T160000         0.00        55.85        90.00        60.00       100.00         2100         2100            0           0           0
          LowCloudCover   20021011T170000         0.00        55.26        80.00        70.00       100.00         2100         2100            0           0           0
          LowCloudCover   20021011T180000         0.00        54.80         0.00        70.00       100.00         2100         2100            0           0           0
          LowCloudCover   20021011T190000         0.00        56.08        80.00        70.00       100.00         2100         2100            0           0           0
          LowCloudCover   20021011T200000         0.00        58.60       100.00        70.00       100.00         2100         2100            0           0           0
          LowCloudCover   20021011T210000         0.00        59.88        90.00        70.00       100.00         2100         2100            0           0           0
          LowCloudCover   20021011T220000         0.00        60.15        90.00        70.00       100.00         2100         2100            0           0           0
          LowCloudCover   20021011T230000         0.00        60.73       100.00        80.00       100.00         2100         2100            0           0           0
          LowCloudCover   20021012T000000         0.00        61.01         0.00        80.00       100.00         2100         2100            0           0           0
          LowCloudCover   20021012T010000         0.00        62.94       100.00        80.00       100.00         2100         2100            0           0           0
          LowCloudCover   20021012T020000         0.00        66.31       100.00        80.00       100.00         2100         2100            0           0           0
          LowCloudCover   20021012T030000         0.00        68.25       100.00        80.00       100.00         2100         2100            0           0           0
          LowCloudCover   20021012T040000         0.00        69.33       100.00        90.00       100.00         2100         2100            0           0           0
          LowCloudCover   20021012T050000         0.00        70.69       100.00        90.00       100.00         2100         2100            0           0           0
          LowCloudCover   20021012T060000         0.00        71.77       100.00        90.00       100.00         2100         2100            0           0           0

              Parameter              Time          Min         Mean         Mode       Median          Max        Count        Valid         Miss         NaN         Inf
       MediumCloudCover   20021009T060000         0.00        25.20         0.00         0.00       100.00         2100          381         1719           0           0
       MediumCloudCover   20021009T070000         0.00        39.74         0.00         0.00       100.00         2100          380         1720           0           0
       MediumCloudCover   20021009T080000         0.00        40.68         0.00         0.00       100.00         2100          381         1719           0           0
       MediumCloudCover   20021009T090000         0.00        30.30         0.00         0.00       100.00         2100          439         1661           0           0
       MediumCloudCover   20021009T100000         0.00        32.33         0.00         0.00       100.00         2100          408         1692           0           0
       MediumCloudCover   20021009T110000         0.00        32.12         0.00         0.00       100.00         2100          386         1714           0           0
       MediumCloudCover   20021009T120000         0.00        34.07         0.00         0.00       100.00         2100          364         1736           0           0
       MediumCloudCover   20021009T130000         0.00        35.61         0.00         0.00       100.00         2100          383         1717           0           0
       MediumCloudCover   20021009T140000         0.00        25.30         0.00         0.00       100.00         2100          411         1689           0           0
       MediumCloudCover   20021009T150000         0.00        26.61         0.00         0.00       100.00         2100          436         1664           0           0
       MediumCloudCover   20021009T160000         0.00        42.35         0.00         0.00       100.00         2100         1267          833           0           0
       MediumCloudCover   20021009T170000         0.00        42.84         0.00         0.00       100.00         2100         1267          833           0           0
       MediumCloudCover   20021009T180000         0.00        50.57         0.00        60.00       100.00         2100         1079         1021           0           0
       MediumCloudCover   20021009T190000         0.00        50.41       100.00        40.00       100.00         2100         1217          883           0           0
       MediumCloudCover   20021009T200000         0.00        51.36       100.00        60.00       100.00         2100         1214          886           0           0
       MediumCloudCover   20021009T210000         0.00        55.23       100.00        90.00       100.00         2100         1030         1070           0           0
       MediumCloudCover   20021009T220000         0.00        50.25       100.00        50.00       100.00         2100         1213          887           0           0
       MediumCloudCover   20021009T230000         0.00        48.82       100.00        30.00       100.00         2100         1212          888           0           0
       MediumCloudCover   20021010T000000         0.00        51.82       100.00        70.00       100.00         2100          971         1129           0           0
       MediumCloudCover   20021010T010000         0.00        44.39         0.00        10.00       100.00         2100         1169          931           0           0
       MediumCloudCover   20021010T020000         0.00        41.98         0.00        10.00       100.00         2100         1169          931           0           0
       MediumCloudCover   20021010T030000         0.00        37.15         0.00         0.00       100.00         2100          912         1188           0           0
       MediumCloudCover   20021010T040000         0.00        37.99         0.00         0.00       100.00         2100         1117          983           0           0
       MediumCloudCover   20021010T050000         0.00        38.94         0.00         0.00       100.00         2100         1117          983           0           0
       MediumCloudCover   20021010T060000         0.00        39.00         0.00         0.00       100.00         2100          850         1250           0           0
       MediumCloudCover   20021010T070000         0.00        32.24         0.00         0.00       100.00         2100         1089         1011           0           0
       MediumCloudCover   20021010T080000         0.00        32.49         0.00         0.00       100.00         2100         1089         1011           0           0
       MediumCloudCover   20021010T090000         0.00        28.31         0.00         0.00       100.00         2100          876         1224           0           0
       MediumCloudCover   20021010T100000         0.00        28.03         0.00         0.00       100.00         2100         1061         1039           0           0
       MediumCloudCover   20021010T110000         0.00        27.97         0.00         0.00       100.00         2100         1061         1039           0           0
       MediumCloudCover   20021010T120000         0.00        25.34         0.00         0.00       100.00         2100          798         1302           0           0
       MediumCloudCover   20021010T130000         0.00        24.42         0.00         0.00       100.00         2100          959         1141           0           0
       MediumCloudCover   20021010T140000         0.00        23.84         0.00         0.00       100.00         2100          959         1141           0           0
       MediumCloudCover   20021010T150000         0.00        19.99         0.00         0.00       100.00         2100          764         1336           0           0
       MediumCloudCover   20021010T160000         0.00        24.09         0.00         0.00       100.00         2100         1032         1068           0           0
       MediumCloudCover   20021010T170000         0.00        22.92         0.00         0.00       100.00         2100         1032         1068           0           0
       MediumCloudCover   20021010T180000         0.00        23.38         0.00         0.00       100.00         2100          894         1206           0           0
       MediumCloudCover   20021010T190000         0.00        34.12         0.00         0.00       100.00         2100         1239          861           0           0
       MediumCloudCover   20021010T200000         0.00        34.54         0.00         0.00       100.00         2100         1239          861           0           0
       MediumCloudCover   20021010T210000         0.00        30.73         0.00         0.00       100.00         2100         1044         1056           0           0
       MediumCloudCover   20021010T220000         0.00        27.63         0.00         0.00       100.00         2100         1227          873           0           0
       MediumCloudCover   20021010T230000         0.00        27.43         0.00         0.00       100.00         2100         1227          873           0           0
       MediumCloudCover   20021011T000000         0.00        25.68         0.00         0.00       100.00         2100         1010         1090           0           0
       MediumCloudCover   20021011T010000         0.00        26.50         0.00         0.00       100.00         2100         1215          885           0           0
       MediumCloudCover   20021011T020000         0.00        26.44         0.00         0.00       100.00         2100         1215          885           0           0
       MediumCloudCover   20021011T030000         0.00        27.75         0.00         0.00       100.00         2100          920         1180           0           0
       MediumCloudCover   20021011T040000         0.00        27.68         0.00         0.00       100.00         2100         1253          847           0           0
       MediumCloudCover   20021011T050000         0.00        26.54         0.00         0.00       100.00         2100         1253          847           0           0
       MediumCloudCover   20021011T060000         0.00        28.04         0.00         0.00       100.00         2100         1028         1072           0           0
       MediumCloudCover   20021011T070000         0.00        26.75         0.00         0.00       100.00         2100         1147          953           0           0
       MediumCloudCover   20021011T080000         0.00        25.71         0.00         0.00       100.00         2100         1147          953           0           0
       MediumCloudCover   20021011T090000         0.00        22.51         0.00         0.00       100.00         2100          896         1204           0           0
       MediumCloudCover   20021011T100000         0.00        30.79         0.00         0.00       100.00         2100         1243          857           0           0
       MediumCloudCover   20021011T110000         0.00        35.08         0.00         0.00       100.00         2100         1243          857           0           0
       MediumCloudCover   20021011T120000         0.00        52.16         0.00        70.00       100.00         2100          895         1205           0           0
       MediumCloudCover   20021011T130000         0.00        49.53         0.00        60.00       100.00         2100         1139          961           0           0
       MediumCloudCover   20021011T140000         0.00        48.96         0.00        60.00       100.00         2100         1139          961           0           0
       MediumCloudCover   20021011T150000         0.00        48.55         0.00        50.00       100.00         2100         1139          961           0           0
       MediumCloudCover   20021011T160000         0.00        47.82         0.00        50.00       100.00         2100         1139          961           0           0
       MediumCloudCover   20021011T170000         0.00        46.65         0.00        50.00       100.00         2100         1139          961           0           0
       MediumCloudCover   20021011T180000         0.00        43.29         0.00        40.00       100.00         2100          715         1385           0           0
       MediumCloudCover   20021011T190000         0.00        44.32         0.00        40.00       100.00         2100          968         1132           0           0
       MediumCloudCover   20021011T200000         0.00        44.33         0.00        40.00       100.00         2100          968         1132           0           0
       MediumCloudCover   20021011T210000         0.00        44.17         0.00        40.00       100.00         2100          968         1132           0           0
       MediumCloudCover   20021011T220000         0.00        43.82         0.00        40.00       100.00         2100          968         1132           0           0
       MediumCloudCover   20021011T230000         0.00        43.24         0.00        40.00       100.00         2100          968         1132           0           0
       MediumCloudCover   20021012T000000         0.00        42.48         0.00        30.00       100.00         2100          600         1500           0           0
       MediumCloudCover   20021012T010000         0.00        49.56         0.00        50.00       100.00         2100          720         1380           0           0
       MediumCloudCover   20021012T020000         0.00        50.24         0.00        50.00       100.00         2100          720         1380           0           0
       MediumCloudCover   20021012T030000         0.00        50.42         0.00        50.00       100.00         2100          720         1380           0           0
       MediumCloudCover   20021012T040000         0.00        50.43         0.00        50.00       100.00         2100          720         1380           0           0
       MediumCloudCover   20021012T050000         0.00        49.88         0.00        50.00       100.00         2100          720         1380           0           0
       MediumCloudCover   20021012T060000         0.00        61.62       100.00        80.00       100.00         2100          458         1642           0           0

              Parameter              Time          Min         Mean         Mode       Median          Max        Count        Valid         Miss         NaN         Inf
         HighCloudCover   20021009T060000         0.00        19.49         0.00         0.00       100.00         2100          354         1746           0           0
         HighCloudCover   20021009T070000         0.00        36.91         0.00         0.00       100.00         2100          363         1737           0           0
         HighCloudCover   20021009T080000         0.00        39.73         0.00         0.00       100.00         2100          375         1725           0           0
         HighCloudCover   20021009T090000         0.00        30.30         0.00         0.00       100.00         2100          439         1661           0           0
         HighCloudCover   20021009T100000         0.00        32.33         0.00         0.00       100.00         2100          408         1692           0           0
         HighCloudCover   20021009T110000         0.00        32.12         0.00         0.00       100.00         2100          386         1714           0           0
         HighCloudCover   20021009T120000         0.00        34.07         0.00         0.00       100.00         2100          364         1736           0           0
         HighCloudCover   20021009T130000         0.00        35.61         0.00         0.00       100.00         2100          383         1717           0           0
         HighCloudCover   20021009T140000         0.00        25.30         0.00         0.00       100.00         2100          411         1689           0           0
         HighCloudCover   20021009T150000         0.00        26.61         0.00         0.00       100.00         2100          436         1664           0           0
         HighCloudCover   20021009T160000         0.00        65.37       100.00        90.00       100.00         2100         1081         1019           0           0
         HighCloudCover   20021009T170000         0.00        66.44       100.00        90.00       100.00         2100         1081         1019           0           0
         HighCloudCover   20021009T180000         0.00        84.15       100.00       100.00       100.00         2100          858         1242           0           0
         HighCloudCover   20021009T190000         0.00        82.47       100.00       100.00       100.00         2100          999         1101           0           0
         HighCloudCover   20021009T200000         0.00        81.34       100.00       100.00       100.00         2100          996         1104           0           0
         HighCloudCover   20021009T210000         0.00        79.46       100.00       100.00       100.00         2100          735         1365           0           0
         HighCloudCover   20021009T220000         0.00        77.29       100.00       100.00       100.00         2100          959         1141           0           0
         HighCloudCover   20021009T230000         0.00        77.16       100.00       100.00       100.00         2100          958         1142           0           0
         HighCloudCover   20021010T000000         0.00        81.45       100.00       100.00       100.00         2100          697         1403           0           0
         HighCloudCover   20021010T010000         0.00        76.65       100.00       100.00       100.00         2100         1007         1093           0           0
         HighCloudCover   20021010T020000         0.00        76.52       100.00        90.00       100.00         2100         1007         1093           0           0
         HighCloudCover   20021010T030000         0.00        79.82       100.00       100.00       100.00         2100          897         1203           0           0
         HighCloudCover   20021010T040000         0.00        80.43       100.00       100.00       100.00         2100         1096         1004           0           0
         HighCloudCover   20021010T050000         0.00        80.24       100.00       100.00       100.00         2100         1096         1004           0           0
         HighCloudCover   20021010T060000         0.00        82.73       100.00       100.00       100.00         2100          823         1277           0           0
         HighCloudCover   20021010T070000         0.00        81.47       100.00        90.00       100.00         2100         1051         1049           0           0
         HighCloudCover   20021010T080000         0.00        80.99       100.00        90.00       100.00         2100         1051         1049           0           0
         HighCloudCover   20021010T090000         0.00        78.15       100.00        90.00       100.00         2100          847         1253           0           0
         HighCloudCover   20021010T100000         0.00        79.17       100.00        90.00       100.00         2100         1045         1055           0           0
         HighCloudCover   20021010T110000         0.00        78.50       100.00        90.00       100.00         2100         1045         1055           0           0
         HighCloudCover   20021010T120000         0.00        74.36       100.00        90.00       100.00         2100          734         1366           0           0
         HighCloudCover   20021010T130000         0.00        76.15       100.00        90.00       100.00         2100          906         1194           0           0
         HighCloudCover   20021010T140000         0.00        77.22       100.00        90.00       100.00         2100          906         1194           0           0
         HighCloudCover   20021010T150000         0.00        76.54       100.00        90.00       100.00         2100          714         1386           0           0
         HighCloudCover   20021010T160000         0.00        78.64       100.00        90.00       100.00         2100         1009         1091           0           0
         HighCloudCover   20021010T170000         0.00        78.64       100.00        90.00       100.00         2100         1009         1091           0           0
         HighCloudCover   20021010T180000         0.00        78.18       100.00        90.00       100.00         2100          853         1247           0           0
         HighCloudCover   20021010T190000         0.00        78.42       100.00        90.00       100.00         2100         1157          943           0           0
         HighCloudCover   20021010T200000         0.00        77.51       100.00        90.00       100.00         2100         1157          943           0           0
         HighCloudCover   20021010T210000         0.00        74.57       100.00        90.00       100.00         2100          929         1171           0           0
         HighCloudCover   20021010T220000         0.00        74.23       100.00        90.00       100.00         2100         1127          973           0           0
         HighCloudCover   20021010T230000         0.00        74.89       100.00        90.00       100.00         2100         1127          973           0           0
         HighCloudCover   20021011T000000         0.00        75.25       100.00        90.00       100.00         2100          891         1209           0           0
         HighCloudCover   20021011T010000         0.00        74.92       100.00        90.00       100.00         2100         1064         1036           0           0
         HighCloudCover   20021011T020000         0.00        75.08       100.00        90.00       100.00         2100         1064         1036           0           0
         HighCloudCover   20021011T030000         0.00        76.77       100.00        90.00       100.00         2100          742         1358           0           0
         HighCloudCover   20021011T040000         0.00        75.71       100.00        90.00       100.00         2100         1057         1043           0           0
         HighCloudCover   20021011T050000         0.00        76.23       100.00        90.00       100.00         2100         1057         1043           0           0
         HighCloudCover   20021011T060000         0.00        74.82       100.00        90.00       100.00         2100          780         1320           0           0
         HighCloudCover   20021011T070000         0.00        76.74       100.00        90.00       100.00         2100          935         1165           0           0
         HighCloudCover   20021011T080000         0.00        75.60       100.00        90.00       100.00         2100          935         1165           0           0
         HighCloudCover   20021011T090000         0.00        81.35       100.00        90.00       100.00         2100          696         1404           0           0
         HighCloudCover   20021011T100000         0.00        73.75       100.00        90.00       100.00         2100          937         1163           0           0
         HighCloudCover   20021011T110000         0.00        73.83       100.00        90.00       100.00         2100          937         1163           0           0
         HighCloudCover   20021011T120000         0.00        68.72       100.00        90.00       100.00         2100          564         1536           0           0
         HighCloudCover   20021011T130000         0.00        62.38         0.00        90.00       100.00         2100          726         1374           0           0
         HighCloudCover   20021011T140000         0.00        62.13       100.00        90.00       100.00         2100          726         1374           0           0
         HighCloudCover   20021011T150000         0.00        61.83       100.00        90.00       100.00         2100          726         1374           0           0
         HighCloudCover   20021011T160000         0.00        61.45       100.00        90.00       100.00         2100          726         1374           0           0
         HighCloudCover   20021011T170000         0.00        60.62         0.00        80.00       100.00         2100          726         1374           0           0
         HighCloudCover   20021011T180000         0.00        45.84         0.00        60.00       100.00         2100          399         1701           0           0
         HighCloudCover   20021011T190000         0.00        42.38         0.00        10.00       100.00         2100          579         1521           0           0
         HighCloudCover   20021011T200000         0.00        42.85         0.00        10.00       100.00         2100          579         1521           0           0
         HighCloudCover   20021011T210000         0.00        43.18         0.00        20.00       100.00         2100          579         1521           0           0
         HighCloudCover   20021011T220000         0.00        43.45         0.00        30.00       100.00         2100          579         1521           0           0
         HighCloudCover   20021011T230000         0.00        43.61         0.00        30.00       100.00         2100          579         1521           0           0
         HighCloudCover   20021012T000000         0.00        29.94         0.00         0.00       100.00         2100          335         1765           0           0
         HighCloudCover   20021012T010000         0.00        42.21         0.00         0.00       100.00         2100          434         1666           0           0
         HighCloudCover   20021012T020000         0.00        42.47         0.00         0.00       100.00         2100          434         1666           0           0
         HighCloudCover   20021012T030000         0.00        42.47         0.00         0.00       100.00         2100          434         1666           0           0
         HighCloudCover   20021012T040000         0.00        42.47         0.00         0.00       100.00         2100          434         1666           0           0
         HighCloudCover   20021012T050000         0.00        42.47         0.00         0.00       100.00         2100          434         1666           0           0
         HighCloudCover   20021012T060000         0.00        48.64         0.00        50.00       100.00         2100          235         1865           0           0

              Parameter              Time          Min         Mean         Mode       Median          Max        Count        Valid         Miss         NaN         Inf
           FogIntensity   20021009T060000         0.00          nan         0.00         0.00         1.00         2100         2100            0           0           0
           FogIntensity   20021009T070000         0.00          nan         0.00         0.00         1.00         2100         2100            0           0           0
           FogIntensity   20021009T080000         0.00          nan         0.00         0.00         1.00         2100         2100            0           0           0
           FogIntensity   20021009T090000         0.00          nan         0.00         0.00         1.00         2100         2100            0           0           0
           FogIntensity   20021009T100000         0.00          nan         0.00         0.00         1.00         2100         2100            0           0           0
           FogIntensity   20021009T110000         0.00          nan         0.00         0.00         1.00         2100         2100            0           0           0
           FogIntensity   20021009T120000         0.00          nan         0.00         0.00         1.00         2100         2100            0           0           0
           FogIntensity   20021009T130000         0.00          nan         0.00         0.00         1.00         2100         2100            0           0           0
           FogIntensity   20021009T140000         0.00          nan         0.00         0.00         1.00         2100         2100            0           0           0
           FogIntensity   20021009T150000         0.00          nan         0.00         0.00         1.00         2100         2100            0           0           0
           FogIntensity   20021009T160000         0.00          nan         0.00         0.00         1.00         2100         2100            0           0           0
           FogIntensity   20021009T170000         0.00          nan         0.00         0.00         1.00         2100         2100            0           0           0
           FogIntensity   20021009T180000         0.00          nan         0.00         0.00         1.00         2100         2100            0           0           0
           FogIntensity   20021009T190000         0.00          nan         0.00         0.00         1.00         2100         2100            0           0           0
           FogIntensity   20021009T200000         0.00          nan         0.00         0.00         1.00         2100         2100            0           0           0
           FogIntensity   20021009T210000         0.00          nan         0.00         0.00         1.00         2100         2100            0           0           0
           FogIntensity   20021009T220000         0.00          nan         0.00         0.00         1.00         2100         2100            0           0           0
           FogIntensity   20021009T230000         0.00          nan         0.00         0.00         1.00         2100         2100            0           0           0
           FogIntensity   20021010T000000         0.00          nan         0.00         0.00         1.00         2100         2100            0           0           0
           FogIntensity   20021010T010000         0.00          nan         0.00         0.00         1.00         2100         2100            0           0           0
           FogIntensity   20021010T020000         0.00          nan         0.00         0.00         1.00         2100         2100            0           0           0
           FogIntensity   20021010T030000         0.00          nan         0.00         0.00         1.00         2100         2100            0           0           0
           FogIntensity   20021010T040000         0.00          nan         0.00         0.00         1.00         2100         2100            0           0           0
           FogIntensity   20021010T050000         0.00          nan         0.00         0.00         1.00         2100         2100            0           0           0
           FogIntensity   20021010T060000         0.00          nan         0.00         0.00         1.00         2100         2100            0           0           0
           FogIntensity   20021010T070000         0.00          nan         0.00         0.00         1.00         2100         2100            0           0           0
           FogIntensity   20021010T080000         0.00          nan         0.00         0.00         1.00         2100         2100            0           0           0
           FogIntensity   20021010T090000         0.00          nan         0.00         0.00         1.00         2100         2100            0           0           0
           FogIntensity   20021010T100000         0.00          nan         0.00         0.00         1.00         2100         2100            0           0           0
           FogIntensity   20021010T110000         0.00          nan         0.00         0.00         1.00         2100         2100            0           0           0
           FogIntensity   20021010T120000         0.00          nan         0.00         0.00         1.00         2100         2100            0           0           0
           FogIntensity   20021010T130000         0.00          nan         0.00         0.00         1.00         2100         2100            0           0           0
           FogIntensity   20021010T140000         0.00          nan         0.00         0.00         1.00         2100         2100            0           0           0
           FogIntensity   20021010T150000         0.00          nan         0.00         0.00         1.00         2100         2100            0           0           0
           FogIntensity   20021010T160000         0.00          nan         0.00         0.00         1.00         2100         2100            0           0           0
           FogIntensity   20021010T170000         0.00          nan         0.00         0.00         1.00         2100         2100            0           0           0
           FogIntensity   20021010T180000         0.00          nan         0.00         0.00         1.00         2100         2100            0           0           0
           FogIntensity   20021010T190000         0.00          nan         0.00         0.00         1.00         2100         2100            0           0           0
           FogIntensity   20021010T200000         0.00          nan         0.00         0.00         1.00         2100         2100            0           0           0
           FogIntensity   20021010T210000         0.00          nan         0.00         0.00         1.00         2100         2100            0           0           0
           FogIntensity   20021010T220000         0.00          nan         0.00         0.00         1.00         2100         2100            0           0           0
           FogIntensity   20021010T230000         0.00          nan         0.00         0.00         0.00         2100         2100            0           0           0
           FogIntensity   20021011T000000         0.00          nan         0.00         0.00         0.00         2100         2100            0           0           0
           FogIntensity   20021011T010000         0.00          nan         0.00         0.00         0.00         2100         2100            0           0           0
           FogIntensity   20021011T020000         0.00          nan         0.00         0.00         0.00         2100         2100            0           0           0
           FogIntensity   20021011T030000         0.00          nan         0.00         0.00         0.00         2100         2100            0           0           0
           FogIntensity   20021011T040000         0.00          nan         0.00         0.00         0.00         2100         2100            0           0           0
           FogIntensity   20021011T050000         0.00          nan         0.00         0.00         1.00         2100         2100            0           0           0
           FogIntensity   20021011T060000         0.00          nan         0.00         0.00         1.00         2100         2100            0           0           0
           FogIntensity   20021011T070000         0.00          nan         0.00         0.00         1.00         2100         2100            0           0           0
           FogIntensity   20021011T080000         0.00          nan         0.00         0.00         0.00         2100         2100            0           0           0
           FogIntensity   20021011T090000         0.00          nan         0.00         0.00         0.00         2100         2100            0           0           0
           FogIntensity   20021011T100000         0.00          nan         0.00         0.00         0.00         2100         2100            0           0           0
           FogIntensity   20021011T110000         0.00          nan         0.00         0.00         1.00         2100         2100            0           0           0
           FogIntensity   20021011T120000         0.00          nan         0.00         0.00         1.00         2100         2100            0           0           0
           FogIntensity   20021011T130000         0.00          nan         0.00         0.00         1.00         2100         2100            0           0           0
           FogIntensity   20021011T140000         0.00          nan         0.00         0.00         1.00         2100         2100            0           0           0
           FogIntensity   20021011T150000         0.00          nan         0.00         0.00         1.00         2100         2100            0           0           0
           FogIntensity   20021011T160000         0.00          nan         0.00         0.00         1.00         2100         2100            0           0           0
           FogIntensity   20021011T170000         0.00          nan         0.00         0.00         1.00         2100         2100            0           0           0
           FogIntensity   20021011T180000         0.00          nan         0.00         0.00         1.00         2100         2100            0           0           0
           FogIntensity   20021011T190000         0.00          nan         0.00         0.00         1.00         2100         2100            0           0           0
           FogIntensity   20021011T200000         0.00          nan         0.00         0.00         1.00         2100         2100            0           0           0
           FogIntensity   20021011T210000         0.00          nan         0.00         0.00         1.00         2100         2100            0           0           0
           FogIntensity   20021011T220000         0.00          nan         0.00         0.00         1.00         2100         2100            0           0           0
           FogIntensity   20021011T230000         0.00          nan         0.00         0.00         1.00         2100         2100            0           0           0
           FogIntensity   20021012T000000         0.00          nan         0.00         0.00         1.00         2100         2100            0           0           0
           FogIntensity   20021012T010000         0.00          nan         0.00         0.00         1.00         2100         2100            0           0           0
           FogIntensity   20021012T020000         0.00          nan         0.00         0.00         1.00         2100         2100            0           0           0
           FogIntensity   20021012T030000         0.00          nan         0.00         0.00         1.00         2100         2100            0           0           0
           FogIntensity   20021012T040000         0.00          nan         0.00         0.00         1.00         2100         2100            0           0           0
           FogIntensity   20021012T050000         0.00          nan         0.00         0.00         1.00         2100         2100            0           0           0
           FogIntensity   20021012T060000         0.00          nan         0.00         0.00         1.00         2100         2100            0           0           0

              Parameter              Time          Min         Mean         Mode       Median          Max        Count        Valid         Miss         NaN         Inf
         WeatherSymbol1   20021009T060000         0.00         8.82         0.00         0.00        86.00         2100         2100            0           0           0
         WeatherSymbol1   20021009T070000         0.00         9.17         0.00         0.00        86.00         2100         2100            0           0           0
         WeatherSymbol1   20021009T080000         0.00         9.54         0.00         0.00        86.00         2100         2100            0           0           0
         WeatherSymbol1   20021009T090000         0.00        13.20         0.00         0.00        86.00         2100         2100            0           0           0
         WeatherSymbol1   20021009T100000         0.00        12.59         0.00         0.00        86.00         2100         2100            0           0           0
         WeatherSymbol1   20021009T110000         0.00        13.70         0.00         0.00        86.00         2100         2100            0           0           0
         WeatherSymbol1   20021009T120000         0.00        13.56         0.00         0.00        86.00         2100         2100            0           0           0
         WeatherSymbol1   20021009T130000         0.00        12.66         0.00         0.00        86.00         2100         2100            0           0           0
         WeatherSymbol1   20021009T140000         0.00        13.63         0.00         0.00        86.00         2100         2100            0           0           0
         WeatherSymbol1   20021009T150000         0.00        12.68         0.00         0.00        85.00         2100         2100            0           0           0
         WeatherSymbol1   20021009T160000         0.00        12.70         0.00         0.00        86.00         2100         2100            0           0           0
         WeatherSymbol1   20021009T170000         0.00        10.33         0.00         0.00        85.00         2100         2100            0           0           0
         WeatherSymbol1   20021009T180000         0.00         9.90         0.00         0.00        85.00         2100         2100            0           0           0
         WeatherSymbol1   20021009T190000         0.00         9.06         0.00         0.00        85.00         2100         2100            0           0           0
         WeatherSymbol1   20021009T200000         0.00         7.03         0.00         0.00        85.00         2100         2100            0           0           0
         WeatherSymbol1   20021009T210000         0.00         6.82         0.00         0.00        85.00         2100         2100            0           0           0
         WeatherSymbol1   20021009T220000         0.00         6.31         0.00         0.00        85.00         2100         2100            0           0           0
         WeatherSymbol1   20021009T230000         0.00         6.28         0.00         0.00        85.00         2100         2100            0           0           0
         WeatherSymbol1   20021010T000000         0.00         6.28         0.00         0.00        85.00         2100         2100            0           0           0
         WeatherSymbol1   20021010T010000         0.00        22.01         0.00         0.00        85.00         2100         2100            0           0           0
         WeatherSymbol1   20021010T020000         0.00        22.02         0.00         0.00        85.00         2100         2100            0           0           0
         WeatherSymbol1   20021010T030000         0.00        19.36         0.00         0.00        85.00         2100         2100            0           0           0
         WeatherSymbol1   20021010T040000         0.00        22.52         0.00         0.00        85.00         2100         2100            0           0           0
         WeatherSymbol1   20021010T050000         0.00        22.63         0.00         0.00        85.00         2100         2100            0           0           0
         WeatherSymbol1   20021010T060000         0.00        19.08         0.00         0.00        85.00         2100         2100            0           0           0
         WeatherSymbol1   20021010T070000         0.00        23.51         0.00         0.00        85.00         2100         2100            0           0           0
         WeatherSymbol1   20021010T080000         0.00        23.73         0.00         0.00        85.00         2100         2100            0           0           0
         WeatherSymbol1   20021010T090000         0.00        19.63         0.00         0.00        85.00         2100         2100            0           0           0
         WeatherSymbol1   20021010T100000         0.00        25.03         0.00         0.00        85.00         2100         2100            0           0           0
         WeatherSymbol1   20021010T110000         0.00        24.86         0.00         0.00        85.00         2100         2100            0           0           0
         WeatherSymbol1   20021010T120000         0.00        20.27         0.00         0.00        85.00         2100         2100            0           0           0
         WeatherSymbol1   20021010T130000         0.00        22.31         0.00         0.00        85.00         2100         2100            0           0           0
         WeatherSymbol1   20021010T140000         0.00        22.38         0.00         0.00        85.00         2100         2100            0           0           0
         WeatherSymbol1   20021010T150000         0.00        14.87         0.00         0.00        85.00         2100         2100            0           0           0
         WeatherSymbol1   20021010T160000         0.00        16.33         0.00         0.00        85.00         2100         2100            0           0           0
         WeatherSymbol1   20021010T170000         0.00        16.25         0.00         0.00        85.00         2100         2100            0           0           0
         WeatherSymbol1   20021010T180000         0.00        12.39         0.00         0.00        85.00         2100         2100            0           0           0
         WeatherSymbol1   20021010T190000         0.00        17.15         0.00         0.00        85.00         2100         2100            0           0           0
         WeatherSymbol1   20021010T200000         0.00        17.26         0.00         0.00        85.00         2100         2100            0           0           0
         WeatherSymbol1   20021010T210000         0.00        15.04         0.00         0.00        85.00         2100         2100            0           0           0
         WeatherSymbol1   20021010T220000         0.00        18.07         0.00         0.00        85.00         2100         2100            0           0           0
         WeatherSymbol1   20021010T230000         0.00        18.12         0.00         0.00        85.00         2100         2100            0           0           0
         WeatherSymbol1   20021011T000000         0.00        13.15         0.00         0.00        85.00         2100         2100            0           0           0
         WeatherSymbol1   20021011T010000         0.00        15.40         0.00         0.00        85.00         2100         2100            0           0           0
         WeatherSymbol1   20021011T020000         0.00        15.35         0.00         0.00        85.00         2100         2100            0           0           0
         WeatherSymbol1   20021011T030000         0.00        10.73         0.00         0.00        85.00         2100         2100            0           0           0
         WeatherSymbol1   20021011T040000         0.00        12.36         0.00         0.00        85.00         2100         2100            0           0           0
         WeatherSymbol1   20021011T050000         0.00        12.35         0.00         0.00        85.00         2100         2100            0           0           0
         WeatherSymbol1   20021011T060000         0.00         8.99         0.00         0.00        85.00         2100         2100            0           0           0
         WeatherSymbol1   20021011T070000         0.00        12.87         0.00         0.00        85.00         2100         2100            0           0           0
         WeatherSymbol1   20021011T080000         0.00        12.93         0.00         0.00        85.00         2100         2100            0           0           0
         WeatherSymbol1   20021011T090000         0.00        11.30         0.00         0.00        85.00         2100         2100            0           0           0
         WeatherSymbol1   20021011T100000         0.00        25.69         0.00         0.00        85.00         2100         2100            0           0           0
         WeatherSymbol1   20021011T110000         0.00        25.57         0.00         0.00        85.00         2100         2100            0           0           0
         WeatherSymbol1   20021011T120000         0.00        23.92         0.00         0.00        85.00         2100         2100            0           0           0
         WeatherSymbol1   20021011T130000         0.00        29.41         0.00         0.00        85.00         2100         2100            0           0           0
         WeatherSymbol1   20021011T140000         0.00        29.65         0.00         0.00        85.00         2100         2100            0           0           0
         WeatherSymbol1   20021011T150000         0.00        29.74         0.00         0.00        85.00         2100         2100            0           0           0
         WeatherSymbol1   20021011T160000         0.00        29.74         0.00         0.00        85.00         2100         2100            0           0           0
         WeatherSymbol1   20021011T170000         0.00        29.30         0.00         0.00        85.00         2100         2100            0           0           0
         WeatherSymbol1   20021011T180000         0.00        13.26         0.00         0.00        85.00         2100         2100            0           0           0
         WeatherSymbol1   20021011T190000         0.00        19.37         0.00         0.00        85.00         2100         2100            0           0           0
         WeatherSymbol1   20021011T200000         0.00        19.52         0.00         0.00        85.00         2100         2100            0           0           0
         WeatherSymbol1   20021011T210000         0.00        19.53         0.00         0.00        85.00         2100         2100            0           0           0
         WeatherSymbol1   20021011T220000         0.00        19.53         0.00         0.00        85.00         2100         2100            0           0           0
         WeatherSymbol1   20021011T230000         0.00        19.40         0.00         0.00        85.00         2100         2100            0           0           0
         WeatherSymbol1   20021012T000000         0.00        13.88         0.00         0.00        85.00         2100         2100            0           0           0
         WeatherSymbol1   20021012T010000         0.00        21.31         0.00         0.00        85.00         2100         2100            0           0           0
         WeatherSymbol1   20021012T020000         0.00        21.45         0.00         0.00        85.00         2100         2100            0           0           0
         WeatherSymbol1   20021012T030000         0.00        21.46         0.00         0.00        85.00         2100         2100            0           0           0
         WeatherSymbol1   20021012T040000         0.00        21.47         0.00         0.00        85.00         2100         2100            0           0           0
         WeatherSymbol1   20021012T050000         0.00        21.35         0.00         0.00        85.00         2100         2100            0           0           0
         WeatherSymbol1   20021012T060000         0.00        17.25         0.00         0.00        85.00         2100         2100            0           0           0

              Parameter              Time          Min         Mean         Mode       Median          Max        Count        Valid         Miss         NaN         Inf
         WeatherSymbol3   20021009T060000         1.00         9.52         3.00         3.00        82.00         2100         2100            0           0           0
         WeatherSymbol3   20021009T070000         1.00         9.87         3.00         3.00        82.00         2100         2100            0           0           0
         WeatherSymbol3   20021009T080000         1.00         9.90         3.00         3.00        82.00         2100         2100            0           0           0
         WeatherSymbol3   20021009T090000         1.00        12.72         3.00         3.00        82.00         2100         2100            0           0           0
         WeatherSymbol3   20021009T100000         1.00        12.38         3.00         3.00        82.00         2100         2100            0           0           0
         WeatherSymbol3   20021009T110000         1.00        12.92         3.00         3.00        82.00         2100         2100            0           0           0
         WeatherSymbol3   20021009T120000         1.00        13.00         3.00         3.00        82.00         2100         2100            0           0           0
         WeatherSymbol3   20021009T130000         1.00        12.34         3.00         3.00        82.00         2100         2100            0           0           0
         WeatherSymbol3   20021009T140000         1.00        13.13         3.00         3.00        82.00         2100         2100            0           0           0
         WeatherSymbol3   20021009T150000         1.00        11.89         3.00         3.00        82.00         2100         2100            0           0           0
         WeatherSymbol3   20021009T160000         1.00        11.76         3.00         3.00        82.00         2100         2100            0           0           0
         WeatherSymbol3   20021009T170000         1.00        10.34         3.00         3.00        82.00         2100         2100            0           0           0
         WeatherSymbol3   20021009T180000         1.00        10.32         3.00         3.00        82.00         2100         2100            0           0           0
         WeatherSymbol3   20021009T190000         1.00         9.58         3.00         3.00        82.00         2100         2100            0           0           0
         WeatherSymbol3   20021009T200000         1.00         8.18         3.00         3.00        82.00         2100         2100            0           0           0
         WeatherSymbol3   20021009T210000         1.00         8.05         3.00         3.00        82.00         2100         2100            0           0           0
         WeatherSymbol3   20021009T220000         1.00         7.52         3.00         3.00        82.00         2100         2100            0           0           0
         WeatherSymbol3   20021009T230000         1.00         7.38         3.00         3.00        82.00         2100         2100            0           0           0
         WeatherSymbol3   20021010T000000         1.00         7.38         3.00         3.00        82.00         2100         2100            0           0           0
         WeatherSymbol3   20021010T010000         1.00        18.25         3.00         3.00        82.00         2100         2100            0           0           0
         WeatherSymbol3   20021010T020000         1.00        18.42         3.00         3.00        82.00         2100         2100            0           0           0
         WeatherSymbol3   20021010T030000         1.00        16.03         3.00         3.00        82.00         2100         2100            0           0           0
         WeatherSymbol3   20021010T040000         1.00        19.08         3.00         3.00        82.00         2100         2100            0           0           0
         WeatherSymbol3   20021010T050000         1.00        18.55         3.00         3.00        81.00         2100         2100            0           0           0
         WeatherSymbol3   20021010T060000         1.00        15.41         3.00         3.00        81.00         2100         2100            0           0           0
         WeatherSymbol3   20021010T070000         1.00        18.36         3.00         3.00        81.00         2100         2100            0           0           0
         WeatherSymbol3   20021010T080000         1.00        19.34         3.00         3.00        81.00         2100         2100            0           0           0
         WeatherSymbol3   20021010T090000         1.00        16.42         3.00         3.00        81.00         2100         2100            0           0           0
         WeatherSymbol3   20021010T100000         1.00        19.67         3.00         3.00        82.00         2100         2100            0           0           0
         WeatherSymbol3   20021010T110000         1.00        18.67         3.00         3.00        82.00         2100         2100            0           0           0
         WeatherSymbol3   20021010T120000         1.00        14.61         3.00         3.00        82.00         2100         2100            0           0           0
         WeatherSymbol3   20021010T130000         1.00        16.02         3.00         3.00        82.00         2100         2100            0           0           0
         WeatherSymbol3   20021010T140000         1.00        17.77         3.00         3.00        82.00         2100         2100            0           0           0
         WeatherSymbol3   20021010T150000         1.00        12.61         3.00         3.00        81.00         2100         2100            0           0           0
         WeatherSymbol3   20021010T160000         1.00        14.09         3.00         3.00        81.00         2100         2100            0           0           0
         WeatherSymbol3   20021010T170000         1.00        14.18         3.00         3.00        81.00         2100         2100            0           0           0
         WeatherSymbol3   20021010T180000         1.00        10.80         3.00         3.00        81.00         2100         2100            0           0           0
         WeatherSymbol3   20021010T190000         1.00        14.46         3.00         3.00        81.00         2100         2100            0           0           0
         WeatherSymbol3   20021010T200000         1.00        14.97         3.00         3.00        81.00         2100         2100            0           0           0
         WeatherSymbol3   20021010T210000         1.00        12.84         3.00         3.00        81.00         2100         2100            0           0           0
         WeatherSymbol3   20021010T220000         1.00        15.11         3.00         3.00        81.00         2100         2100            0           0           0
         WeatherSymbol3   20021010T230000         1.00        15.10         3.00         3.00        81.00         2100         2100            0           0           0
         WeatherSymbol3   20021011T000000         1.00        11.94         3.00         3.00        81.00         2100         2100            0           0           0
         WeatherSymbol3   20021011T010000         1.00        13.36         3.00         3.00        81.00         2100         2100            0           0           0
         WeatherSymbol3   20021011T020000         1.00        13.12         3.00         3.00        81.00         2100         2100            0           0           0
         WeatherSymbol3   20021011T030000         1.00         9.84         3.00         3.00        81.00         2100         2100            0           0           0
         WeatherSymbol3   20021011T040000         1.00        10.78         3.00         3.00        81.00         2100         2100            0           0           0
         WeatherSymbol3   20021011T050000         1.00        10.74         3.00         3.00        81.00         2100         2100            0           0           0
         WeatherSymbol3   20021011T060000         1.00         8.05         3.00         3.00        81.00         2100         2100            0           0           0
         WeatherSymbol3   20021011T070000         1.00        11.17         3.00         3.00        81.00         2100         2100            0           0           0
         WeatherSymbol3   20021011T080000         1.00        11.11         3.00         3.00        81.00         2100         2100            0           0           0
         WeatherSymbol3   20021011T090000         1.00        10.01         3.00         3.00        81.00         2100         2100            0           0           0
         WeatherSymbol3   20021011T100000         1.00        22.95         3.00         3.00        81.00         2100         2100            0           0           0
         WeatherSymbol3   20021011T110000         1.00        23.16         3.00         3.00        81.00         2100         2100            0           0           0
         WeatherSymbol3   20021011T120000         1.00        21.80         3.00         3.00        81.00         2100         2100            0           0           0
         WeatherSymbol3   20021011T130000         1.00        25.65         3.00         3.00        81.00         2100         2100            0           0           0
         WeatherSymbol3   20021011T140000         1.00        24.73         3.00         3.00        81.00         2100         2100            0           0           0
         WeatherSymbol3   20021011T150000         1.00        23.26         3.00         3.00        81.00         2100         2100            0           0           0
         WeatherSymbol3   20021011T160000         1.00        23.15         3.00         3.00        81.00         2100         2100            0           0           0
         WeatherSymbol3   20021011T170000         1.00        21.71         3.00         3.00        81.00         2100         2100            0           0           0
         WeatherSymbol3   20021011T180000         1.00        10.97         3.00         3.00        81.00         2100         2100            0           0           0
         WeatherSymbol3   20021011T190000         1.00        15.84         3.00         3.00        81.00         2100         2100            0           0           0
         WeatherSymbol3   20021011T200000         1.00        16.42         3.00         3.00        81.00         2100         2100            0           0           0
         WeatherSymbol3   20021011T210000         1.00        16.27         3.00         3.00        81.00         2100         2100            0           0           0
         WeatherSymbol3   20021011T220000         1.00        16.41         3.00         3.00        81.00         2100         2100            0           0           0
         WeatherSymbol3   20021011T230000         1.00        16.09         3.00         3.00        81.00         2100         2100            0           0           0
         WeatherSymbol3   20021012T000000         1.00        11.89         3.00         3.00        81.00         2100         2100            0           0           0
         WeatherSymbol3   20021012T010000         1.00        17.26         3.00         3.00        81.00         2100         2100            0           0           0
         WeatherSymbol3   20021012T020000         1.00        17.57         3.00         3.00        81.00         2100         2100            0           0           0
         WeatherSymbol3   20021012T030000         1.00        17.39         3.00         3.00        81.00         2100         2100            0           0           0
         WeatherSymbol3   20021012T040000         1.00        17.50         3.00         3.00        81.00         2100         2100            0           0           0
         WeatherSymbol3   20021012T050000         1.00        17.59         3.00         3.00        81.00         2100         2100            0           0           0
         WeatherSymbol3   20021012T060000         1.00        14.42         3.00         3.00        81.00         2100         2100            0           0           0

              Parameter              Time          Min         Mean         Mode       Median          Max        Count        Valid         Miss         NaN         Inf
        Precipitation1h   20021009T060000         0.00         0.05         0.00         0.00         1.28         2100         2100            0           0           0
        Precipitation1h   20021009T070000         0.00         0.05         0.00         0.00         2.12         2100         2100            0           0           0
        Precipitation1h   20021009T080000         0.00         0.04         0.00         0.00         1.28         2100         2100            0           0           0
        Precipitation1h   20021009T090000         0.00         0.05         0.00         0.00         1.00         2100         2100            0           0           0
        Precipitation1h   20021009T100000         0.00         0.05         0.00         0.00         0.78         2100         2100            0           0           0
        Precipitation1h   20021009T110000         0.00         0.06         0.00         0.00         0.78         2100         2100            0           0           0
        Precipitation1h   20021009T120000         0.00         0.06         0.00         0.00         1.00         2100         2100            0           0           0
        Precipitation1h   20021009T130000         0.00         0.05         0.00         0.00         1.00         2100         2100            0           0           0
        Precipitation1h   20021009T140000         0.00         0.06         0.00         0.00         1.00         2100         2100            0           0           0
        Precipitation1h   20021009T150000         0.00         0.05         0.00         0.00         1.00         2100         2100            0           0           0
        Precipitation1h   20021009T160000         0.00         0.05         0.00         0.00         0.78         2100         2100            0           0           0
        Precipitation1h   20021009T170000         0.00         0.04         0.00         0.00         0.78         2100         2100            0           0           0
        Precipitation1h   20021009T180000         0.00         0.04         0.00         0.00         0.78         2100         2100            0           0           0
        Precipitation1h   20021009T190000         0.00         0.03         0.00         0.00         0.61         2100         2100            0           0           0
        Precipitation1h   20021009T200000         0.00         0.02         0.00         0.00         0.61         2100         2100            0           0           0
        Precipitation1h   20021009T210000         0.00         0.02         0.00         0.00         0.47         2100         2100            0           0           0
        Precipitation1h   20021009T220000         0.00         0.02         0.00         0.00         0.47         2100         2100            0           0           0
        Precipitation1h   20021009T230000         0.00         0.02         0.00         0.00         0.47         2100         2100            0           0           0
        Precipitation1h   20021010T000000         0.00         0.02         0.00         0.00         0.47         2100         2100            0           0           0
        Precipitation1h   20021010T010000         0.00         0.04         0.00         0.00         0.47         2100         2100            0           0           0
        Precipitation1h   20021010T020000         0.00         0.04         0.00         0.00         0.47         2100         2100            0           0           0
        Precipitation1h   20021010T030000         0.00         0.04         0.00         0.00         0.47         2100         2100            0           0           0
        Precipitation1h   20021010T040000         0.00         0.04         0.00         0.00         0.47         2100         2100            0           0           0
        Precipitation1h   20021010T050000         0.00         0.04         0.00         0.00         0.37         2100         2100            0           0           0
        Precipitation1h   20021010T060000         0.00         0.03         0.00         0.00         0.37         2100         2100            0           0           0
        Precipitation1h   20021010T070000         0.00         0.04         0.00         0.00         0.37         2100         2100            0           0           0
        Precipitation1h   20021010T080000         0.00         0.04         0.00         0.00         0.37         2100         2100            0           0           0
        Precipitation1h   20021010T090000         0.00         0.03         0.00         0.00         0.37         2100         2100            0           0           0
        Precipitation1h   20021010T100000         0.00         0.04         0.00         0.00         0.61         2100         2100            0           0           0
        Precipitation1h   20021010T110000         0.00         0.04         0.00         0.00         0.78         2100         2100            0           0           0
        Precipitation1h   20021010T120000         0.00         0.04         0.00         0.00         1.00         2100         2100            0           0           0
        Precipitation1h   20021010T130000         0.00         0.04         0.00         0.00         0.78         2100         2100            0           0           0
        Precipitation1h   20021010T140000         0.00         0.04         0.00         0.00         0.61         2100         2100            0           0           0
        Precipitation1h   20021010T150000         0.00         0.03         0.00         0.00         0.61         2100         2100            0           0           0
        Precipitation1h   20021010T160000         0.00         0.03         0.00         0.00         0.47         2100         2100            0           0           0
        Precipitation1h   20021010T170000         0.00         0.03         0.00         0.00         0.37         2100         2100            0           0           0
        Precipitation1h   20021010T180000         0.00         0.02         0.00         0.00         0.29         2100         2100            0           0           0
        Precipitation1h   20021010T190000         0.00         0.03         0.00         0.00         0.29         2100         2100            0           0           0
        Precipitation1h   20021010T200000         0.00         0.03         0.00         0.00         0.37         2100         2100            0           0           0
        Precipitation1h   20021010T210000         0.00         0.02         0.00         0.00         0.37         2100         2100            0           0           0
        Precipitation1h   20021010T220000         0.00         0.03         0.00         0.00         0.37         2100         2100            0           0           0
        Precipitation1h   20021010T230000         0.00         0.03         0.00         0.00         0.37         2100         2100            0           0           0
        Precipitation1h   20021011T000000         0.00         0.02         0.00         0.00         0.37         2100         2100            0           0           0
        Precipitation1h   20021011T010000         0.00         0.02         0.00         0.00         0.22         2100         2100            0           0           0
        Precipitation1h   20021011T020000         0.00         0.02         0.00         0.00         0.14         2100         2100            0           0           0
        Precipitation1h   20021011T030000         0.00         0.02         0.00         0.00         0.14         2100         2100            0           0           0
        Precipitation1h   20021011T040000         0.00         0.02         0.00         0.00         0.17         2100         2100            0           0           0
        Precipitation1h   20021011T050000         0.00         0.02         0.00         0.00         0.22         2100         2100            0           0           0
        Precipitation1h   20021011T060000         0.00         0.01         0.00         0.00         0.29         2100         2100            0           0           0
        Precipitation1h   20021011T070000         0.00         0.02         0.00         0.00         0.29         2100         2100            0           0           0
        Precipitation1h   20021011T080000         0.00         0.02         0.00         0.00         0.22         2100         2100            0           0           0
        Precipitation1h   20021011T090000         0.00         0.02         0.00         0.00         0.29         2100         2100            0           0           0
        Precipitation1h   20021011T100000         0.00         0.04         0.00         0.00         0.29         2100         2100            0           0           0
        Precipitation1h   20021011T110000         0.00         0.04         0.00         0.00         0.29         2100         2100            0           0           0
        Precipitation1h   20021011T120000         0.00         0.03         0.00         0.00         0.29         2100         2100            0           0           0
        Precipitation1h   20021011T130000         0.00         0.04         0.00         0.00         0.22         2100         2100            0           0           0
        Precipitation1h   20021011T140000         0.00         0.04         0.00         0.00         0.22         2100         2100            0           0           0
        Precipitation1h   20021011T150000         0.00         0.04         0.00         0.00         0.17         2100         2100            0           0           0
        Precipitation1h   20021011T160000         0.00         0.04         0.00         0.00         0.17         2100         2100            0           0           0
        Precipitation1h   20021011T170000         0.00         0.04         0.00         0.00         0.22         2100         2100            0           0           0
        Precipitation1h   20021011T180000         0.00         0.02         0.00         0.00         0.22         2100         2100            0           0           0
        Precipitation1h   20021011T190000         0.00         0.03         0.00         0.00         0.22         2100         2100            0           0           0
        Precipitation1h   20021011T200000         0.00         0.03         0.00         0.00         0.29         2100         2100            0           0           0
        Precipitation1h   20021011T210000         0.00         0.03         0.00         0.00         0.29         2100         2100            0           0           0
        Precipitation1h   20021011T220000         0.00         0.03         0.00         0.00         0.29         2100         2100            0           0           0
        Precipitation1h   20021011T230000         0.00         0.03         0.00         0.00         0.29         2100         2100            0           0           0
        Precipitation1h   20021012T000000         0.00         0.02         0.00         0.00         0.29         2100         2100            0           0           0
        Precipitation1h   20021012T010000         0.00         0.03         0.00         0.00         0.29         2100         2100            0           0           0
        Precipitation1h   20021012T020000         0.00         0.03         0.00         0.00         0.22         2100         2100            0           0           0
        Precipitation1h   20021012T030000         0.00         0.03         0.00         0.00         0.22         2100         2100            0           0           0
        Precipitation1h   20021012T040000         0.00         0.03         0.00         0.00         0.22         2100         2100            0           0           0
        Precipitation1h   20021012T050000         0.00         0.03         0.00         0.00         0.17         2100         2100            0           0           0
        Precipitation1h   20021012T060000         0.00         0.03         0.00         0.00         0.17         2100         2100            0           0           0

